SLR (m), Pchng (cm), pi, N_d, SD, SE
0,0,0.1,0.625,0.853,0.06
0,0,0.2,0.535,0.776,0.055
0,0,0.3,0.47,0.722,0.051
0,0,0.4,0.4,0.634,0.045
0,0,0.5,0.345,0.606,0.043
0.02,0,0.1,0.75,0.939,0.066
0.02,0,0.2,0.62,0.848,0.06
0.02,0,0.3,0.555,0.787,0.056
0.02,0,0.4,0.485,0.73,0.052
0.02,0,0.5,0.44,0.677,0.048
0.04,0,0.1,0.895,1.058,0.075
0.04,0,0.2,0.69,0.888,0.063
0.04,0,0.3,0.63,0.858,0.061
0.04,0,0.4,0.575,0.805,0.057
0.04,0,0.5,0.525,0.756,0.053
0.06,0,0.1,1.05,1.151,0.081
0.06,0,0.2,0.84,1.01,0.071
0.06,0,0.3,0.725,0.935,0.066
0.06,0,0.4,0.68,0.918,0.065
0.06,0,0.5,0.615,0.849,0.06
0.08,0,0.1,1.18,1.214,0.086
0.08,0,0.2,0.995,1.141,0.081
0.08,0,0.3,0.855,1.029,0.073
0.08,0,0.4,0.745,0.951,0.067
0.08,0,0.5,0.7,0.93,0.066
0.1,0,0.1,1.355,1.236,0.087
0.1,0,0.2,1.15,1.181,0.084
0.1,0,0.3,1.025,1.154,0.082
0.1,0,0.4,0.905,1.04,0.074
0.1,0,0.5,0.815,0.998,0.071
0.12,0,0.1,1.55,1.31,0.093
0.12,0,0.2,1.28,1.261,0.089
0.12,0,0.3,1.165,1.198,0.085
0.12,0,0.4,1.065,1.174,0.083
0.12,0,0.5,0.965,1.091,0.077
0.14,0,0.1,1.735,1.391,0.098
0.14,0,0.2,1.49,1.307,0.092
0.14,0,0.3,1.315,1.286,0.091
0.14,0,0.4,1.225,1.258,0.089
0.14,0,0.5,1.135,1.202,0.085
0.16,0,0.1,2.01,1.46,0.103
0.16,0,0.2,1.69,1.331,0.094
0.16,0,0.3,1.525,1.291,0.091
0.16,0,0.4,1.38,1.266,0.09
0.16,0,0.5,1.28,1.261,0.089
0.18,0,0.1,2.31,1.525,0.108
0.18,0,0.2,1.885,1.411,0.1
0.18,0,0.3,1.71,1.343,0.095
0.18,0,0.4,1.58,1.316,0.093
0.18,0,0.5,1.45,1.263,0.089
0.2,0,0.1,2.605,1.638,0.116
0.2,0,0.2,2.17,1.517,0.107
0.2,0,0.3,1.905,1.437,0.102
0.2,0,0.4,1.755,1.395,0.099
0.2,0,0.5,1.65,1.359,0.096
0.22,0,0.1,2.835,1.665,0.118
0.22,0,0.2,2.45,1.584,0.112
0.22,0,0.3,2.17,1.517,0.107
0.22,0,0.4,1.975,1.461,0.103
0.22,0,0.5,1.8,1.418,0.1
0.24,0,0.1,3.085,1.709,0.121
0.24,0,0.2,2.71,1.661,0.117
0.24,0,0.3,2.45,1.584,0.112
0.24,0,0.4,2.215,1.513,0.107
0.24,0,0.5,2.04,1.486,0.105
0.26,0,0.1,3.295,1.747,0.124
0.26,0,0.2,2.995,1.685,0.119
0.26,0,0.3,2.71,1.661,0.117
0.26,0,0.4,2.515,1.604,0.113
0.26,0,0.5,2.32,1.529,0.108
0.28,0,0.1,3.58,1.866,0.132
0.28,0,0.2,3.175,1.711,0.121
0.28,0,0.3,2.995,1.685,0.119
0.28,0,0.4,2.75,1.665,0.118
0.28,0,0.5,2.595,1.641,0.116
0.3,0,0.1,3.885,1.942,0.137
0.3,0,0.2,3.45,1.815,0.128
0.3,0,0.3,3.175,1.711,0.121
0.3,0,0.4,3.02,1.68,0.119
0.3,0,0.5,2.825,1.676,0.118
0.32,0,0.1,4.255,2.091,0.148
0.32,0,0.2,3.73,1.917,0.136
0.32,0,0.3,3.45,1.815,0.128
0.32,0,0.4,3.225,1.738,0.123
0.32,0,0.5,3.075,1.695,0.12
0.34,0,0.1,4.61,2.147,0.152
0.34,0,0.2,4.085,1.994,0.141
0.34,0,0.3,3.73,1.917,0.136
0.34,0,0.4,3.5,1.832,0.13
0.34,0,0.5,3.28,1.746,0.123
0.36,0,0.1,5.095,2.261,0.16
0.36,0,0.2,4.425,2.125,0.15
0.36,0,0.3,4.085,1.994,0.141
0.36,0,0.4,3.78,1.926,0.136
0.36,0,0.5,3.56,1.858,0.131
0.38,0,0.1,5.575,2.307,0.163
0.38,0,0.2,4.79,2.191,0.155
0.38,0,0.3,4.425,2.125,0.15
0.38,0,0.4,4.15,2.029,0.143
0.38,0,0.5,3.85,1.912,0.135
0.4,0,0.1,6.27,2.395,0.169
0.4,0,0.2,5.33,2.271,0.161
0.4,0,0.3,4.795,2.183,0.154
0.4,0,0.4,4.475,2.159,0.153
0.4,0,0.5,4.225,2.09,0.148
0.42,0,0.1,7.005,2.672,0.189
0.42,0,0.2,5.91,2.282,0.161
0.42,0,0.3,5.33,2.271,0.161
0.42,0,0.4,4.905,2.205,0.156
0.42,0,0.5,4.585,2.153,0.152
0.44,0,0.1,7.83,2.839,0.201
0.44,0,0.2,6.595,2.524,0.179
0.44,0,0.3,5.91,2.282,0.161
0.44,0,0.4,5.445,2.279,0.161
0.44,0,0.5,5.04,2.221,0.157
0.46,0,0.1,8.985,3.003,0.212
0.46,0,0.2,7.425,2.721,0.192
0.46,0,0.3,6.6,2.526,0.179
0.46,0,0.4,6.055,2.317,0.164
0.46,0,0.5,5.55,2.294,0.162
0.48,0,0.1,10.26,3.215,0.227
0.48,0,0.2,8.35,2.888,0.204
0.48,0,0.3,7.43,2.719,0.192
0.48,0,0.4,6.76,2.564,0.181
0.48,0,0.5,6.21,2.422,0.171
0.5,0,0.1,11.735,3.294,0.233
0.5,0,0.2,9.565,3.076,0.218
0.5,0,0.3,8.35,2.888,0.204
0.5,0,0.4,7.585,2.806,0.198
0.5,0,0.5,6.945,2.657,0.188
0,0.1,0.1,0.86,1.042,0.074
0,0.1,0.2,0.66,0.871,0.062
0,0.1,0.3,0.6,0.845,0.06
0,0.1,0.4,0.55,0.788,0.056
0,0.1,0.5,0.5,0.737,0.052
0.02,0.1,0.1,1.005,1.114,0.079
0.02,0.1,0.2,0.795,0.963,0.068
0.02,0.1,0.3,0.68,0.878,0.062
0.02,0.1,0.4,0.635,0.852,0.06
0.02,0.1,0.5,0.575,0.811,0.057
0.04,0.1,0.1,1.12,1.172,0.083
0.04,0.1,0.2,0.945,1.09,0.077
0.04,0.1,0.3,0.805,0.97,0.069
0.04,0.1,0.4,0.7,0.891,0.063
0.04,0.1,0.5,0.655,0.866,0.061
0.06,0.1,0.1,1.305,1.216,0.086
0.06,0.1,0.2,1.1,1.152,0.081
0.06,0.1,0.3,0.98,1.125,0.08
0.06,0.1,0.4,0.86,1.008,0.071
0.06,0.1,0.5,0.77,0.97,0.069
0.08,0.1,0.1,1.49,1.288,0.091
0.08,0.1,0.2,1.235,1.236,0.087
0.08,0.1,0.3,1.115,1.166,0.082
0.08,0.1,0.4,1.015,1.145,0.081
0.08,0.1,0.5,0.92,1.067,0.075
0.1,0.1,0.1,1.67,1.353,0.096
0.1,0.1,0.2,1.435,1.278,0.09
0.1,0.1,0.3,1.27,1.251,0.088
0.1,0.1,0.4,1.175,1.213,0.086
0.1,0.1,0.5,1.085,1.172,0.083
0.12,0.1,0.1,1.935,1.453,0.103
0.12,0.1,0.2,1.62,1.332,0.094
0.12,0.1,0.3,1.46,1.287,0.091
0.12,0.1,0.4,1.32,1.255,0.089
0.12,0.1,0.5,1.225,1.242,0.088
0.14,0.1,0.1,2.25,1.529,0.108
0.14,0.1,0.2,1.83,1.415,0.1
0.14,0.1,0.3,1.66,1.35,0.095
0.14,0.1,0.4,1.525,1.326,0.094
0.14,0.1,0.5,1.405,1.268,0.09
0.16,0.1,0.1,2.56,1.609,0.114
0.16,0.1,0.2,2.12,1.482,0.105
0.16,0.1,0.3,1.865,1.395,0.099
0.16,0.1,0.4,1.72,1.357,0.096
0.16,0.1,0.5,1.615,1.321,0.093
0.18,0.1,0.1,2.815,1.657,0.117
0.18,0.1,0.2,2.43,1.577,0.112
0.18,0.1,0.3,2.15,1.5,0.106
0.18,0.1,0.4,1.955,1.433,0.101
0.18,0.1,0.5,1.785,1.392,0.098
0.2,0.1,0.1,3.11,1.707,0.121
0.2,0.1,0.2,2.73,1.668,0.118
0.2,0.1,0.3,2.46,1.588,0.112
0.2,0.1,0.4,2.215,1.517,0.107
0.2,0.1,0.5,2.045,1.488,0.105
0.22,0.1,0.1,3.325,1.762,0.125
0.22,0.1,0.2,3.015,1.685,0.119
0.22,0.1,0.3,2.73,1.668,0.118
0.22,0.1,0.4,2.51,1.588,0.112
0.22,0.1,0.5,2.32,1.543,0.109
0.24,0.1,0.1,3.62,1.874,0.133
0.24,0.1,0.2,3.205,1.72,0.122
0.24,0.1,0.3,3.015,1.685,0.119
0.24,0.1,0.4,2.765,1.665,0.118
0.24,0.1,0.5,2.6,1.647,0.116
0.26,0.1,0.1,3.93,1.948,0.138
0.26,0.1,0.2,3.485,1.818,0.129
0.26,0.1,0.3,3.205,1.72,0.122
0.26,0.1,0.4,3.05,1.689,0.119
0.26,0.1,0.5,2.825,1.676,0.118
0.28,0.1,0.1,4.32,2.093,0.148
0.28,0.1,0.2,3.765,1.91,0.135
0.28,0.1,0.3,3.485,1.818,0.129
0.28,0.1,0.4,3.265,1.749,0.124
0.28,0.1,0.5,3.1,1.698,0.12
0.3,0.1,0.1,4.675,2.148,0.152
0.3,0.1,0.2,4.135,1.982,0.14
0.3,0.1,0.3,3.765,1.91,0.135
0.3,0.1,0.4,3.54,1.84,0.13
0.3,0.1,0.5,3.315,1.761,0.125
0.32,0.1,0.1,5.175,2.249,0.159
0.32,0.1,0.2,4.49,2.127,0.15
0.32,0.1,0.3,4.135,1.982,0.14
0.32,0.1,0.4,3.825,1.935,0.137
0.32,0.1,0.5,3.6,1.867,0.132
0.34,0.1,0.1,5.69,2.294,0.162
0.34,0.1,0.2,4.88,2.186,0.155
0.34,0.1,0.3,4.49,2.127,0.15
0.34,0.1,0.4,4.2,2.027,0.143
0.34,0.1,0.5,3.88,1.932,0.137
0.36,0.1,0.1,6.425,2.411,0.17
0.36,0.1,0.2,5.425,2.265,0.16
0.36,0.1,0.3,4.88,2.186,0.155
0.36,0.1,0.4,4.545,2.154,0.152
0.36,0.1,0.5,4.28,2.096,0.148
0.38,0.1,0.1,7.2,2.703,0.191
0.38,0.1,0.2,6.045,2.302,0.163
0.38,0.1,0.3,5.425,2.265,0.16
0.38,0.1,0.4,4.995,2.195,0.155
0.38,0.1,0.5,4.655,2.149,0.152
0.4,0.1,0.1,8.11,2.94,0.208
0.4,0.1,0.2,6.755,2.531,0.179
0.4,0.1,0.3,6.045,2.302,0.163
0.4,0.1,0.4,5.54,2.264,0.16
0.4,0.1,0.5,5.115,2.204,0.156
0.42,0.1,0.1,9.38,3.115,0.22
0.42,0.1,0.2,7.645,2.778,0.196
0.42,0.1,0.3,6.755,2.531,0.179
0.42,0.1,0.4,6.21,2.337,0.165
0.42,0.1,0.5,5.665,2.278,0.161
0.44,0.1,0.1,10.785,3.305,0.234
0.44,0.1,0.2,8.705,2.987,0.211
0.44,0.1,0.3,7.645,2.778,0.196
0.44,0.1,0.4,6.93,2.58,0.182
0.44,0.1,0.5,6.365,2.417,0.171
0.46,0.1,0.1,12.44,3.393,0.24
0.46,0.1,0.2,10.04,3.222,0.228
0.46,0.1,0.3,8.705,2.987,0.211
0.46,0.1,0.4,7.83,2.843,0.201
0.46,0.1,0.5,7.125,2.681,0.19
0.48,0.1,0.1,14.14,3.693,0.261
0.48,0.1,0.2,11.5,3.354,0.237
0.48,0.1,0.3,10.045,3.224,0.228
0.48,0.1,0.4,8.945,3.01,0.213
0.48,0.1,0.5,8.045,2.932,0.207
0.5,0.1,0.1,16.245,3.961,0.28
0.5,0.1,0.2,13.225,3.499,0.247
0.5,0.1,0.3,11.51,3.36,0.238
0.5,0.1,0.4,10.27,3.204,0.227
0.5,0.1,0.5,9.28,3.106,0.22
0,0.2,0.1,1.08,1.149,0.081
0,0.2,0.2,0.915,1.074,0.076
0,0.2,0.3,0.775,0.948,0.067
0,0.2,0.4,0.675,0.874,0.062
0,0.2,0.5,0.63,0.852,0.06
0.02,0.2,0.1,1.265,1.18,0.083
0.02,0.2,0.2,1.055,1.117,0.079
0.02,0.2,0.3,0.94,1.083,0.077
0.02,0.2,0.4,0.82,0.96,0.068
0.02,0.2,0.5,0.73,0.917,0.065
0.04,0.2,0.1,1.43,1.246,0.088
0.04,0.2,0.2,1.19,1.188,0.084
0.04,0.2,0.3,1.065,1.121,0.079
0.04,0.2,0.4,0.97,1.093,0.077
0.04,0.2,0.5,0.875,1.012,0.072
0.06,0.2,0.1,1.62,1.313,0.093
0.06,0.2,0.2,1.385,1.239,0.088
0.06,0.2,0.3,1.23,1.214,0.086
0.06,0.2,0.4,1.125,1.173,0.083
0.06,0.2,0.5,1.04,1.138,0.08
0.08,0.2,0.1,1.875,1.4,0.099
0.08,0.2,0.2,1.57,1.298,0.092
0.08,0.2,0.3,1.405,1.249,0.088
0.08,0.2,0.4,1.275,1.219,0.086
0.08,0.2,0.5,1.18,1.21,0.086
0.1,0.2,0.1,2.19,1.492,0.105
0.1,0.2,0.2,1.765,1.363,0.096
0.1,0.2,0.3,1.605,1.318,0.093
0.1,0.2,0.4,1.475,1.291,0.091
0.1,0.2,0.5,1.365,1.229,0.087
0.12,0.2,0.1,2.485,1.604,0.113
0.12,0.2,0.2,2.055,1.474,0.104
0.12,0.2,0.3,1.795,1.387,0.098
0.12,0.2,0.4,1.65,1.333,0.094
0.12,0.2,0.5,1.545,1.302,0.092
0.14,0.2,0.1,2.76,1.651,0.117
0.14,0.2,0.2,2.38,1.571,0.111
0.14,0.2,0.3,2.095,1.499,0.106
0.14,0.2,0.4,1.9,1.425,0.101
0.14,0.2,0.5,1.74,1.39,0.098
0.16,0.2,0.1,3.06,1.664,0.118
0.16,0.2,0.2,2.68,1.616,0.114
0.16,0.2,0.3,2.415,1.554,0.11
0.16,0.2,0.4,2.165,1.479,0.105
0.16,0.2,0.5,2.015,1.444,0.102
0.18,0.2,0.1,3.305,1.728,0.122
0.18,0.2,0.2,2.995,1.658,0.117
0.18,0.2,0.3,2.71,1.631,0.115
0.18,0.2,0.4,2.5,1.569,0.111
0.18,0.2,0.5,2.31,1.522,0.108
0.2,0.2,0.1,3.64,1.865,0.132
0.2,0.2,0.2,3.225,1.714,0.121
0.2,0.2,0.3,3.03,1.68,0.119
0.2,0.2,0.4,2.78,1.66,0.117
0.2,0.2,0.5,2.61,1.622,0.115
0.22,0.2,0.1,3.945,1.942,0.137
0.22,0.2,0.2,3.5,1.816,0.128
0.22,0.2,0.3,3.225,1.714,0.121
0.22,0.2,0.4,3.07,1.685,0.119
0.22,0.2,0.5,2.84,1.664,0.118
0.24,0.2,0.1,4.34,2.082,0.147
0.24,0.2,0.2,3.785,1.902,0.134
0.24,0.2,0.3,3.5,1.816,0.128
0.24,0.2,0.4,3.27,1.738,0.123
0.24,0.2,0.5,3.12,1.694,0.12
0.26,0.2,0.1,4.725,2.157,0.153
0.26,0.2,0.2,4.16,1.973,0.14
0.26,0.2,0.3,3.785,1.902,0.134
0.26,0.2,0.4,3.555,1.837,0.13
0.26,0.2,0.5,3.325,1.739,0.123
0.28,0.2,0.1,5.245,2.254,0.159
0.28,0.2,0.2,4.535,2.122,0.15
0.28,0.2,0.3,4.16,1.973,0.14
0.28,0.2,0.4,3.84,1.916,0.136
0.28,0.2,0.5,3.615,1.856,0.131
0.3,0.2,0.1,5.785,2.321,0.164
0.3,0.2,0.2,4.95,2.194,0.155
0.3,0.2,0.3,4.54,2.124,0.15
0.3,0.2,0.4,4.22,2.02,0.143
0.3,0.2,0.5,3.9,1.923,0.136
0.32,0.2,0.1,6.585,2.446,0.173
0.32,0.2,0.2,5.515,2.282,0.161
0.32,0.2,0.3,4.95,2.194,0.155
0.32,0.2,0.4,4.595,2.153,0.152
0.32,0.2,0.5,4.305,2.089,0.148
0.34,0.2,0.1,7.405,2.722,0.192
0.34,0.2,0.2,6.165,2.336,0.165
0.34,0.2,0.3,5.515,2.282,0.161
0.34,0.2,0.4,5.06,2.196,0.155
0.34,0.2,0.5,4.7,2.15,0.152
0.36,0.2,0.1,8.375,2.948,0.208
0.36,0.2,0.2,6.92,2.568,0.182
0.36,0.2,0.3,6.165,2.336,0.165
0.36,0.2,0.4,5.615,2.285,0.162
0.36,0.2,0.5,5.195,2.228,0.158
0.38,0.2,0.1,9.705,3.135,0.222
0.38,0.2,0.2,7.875,2.796,0.198
0.38,0.2,0.3,6.925,2.562,0.181
0.38,0.2,0.4,6.33,2.364,0.167
0.38,0.2,0.5,5.77,2.309,0.163
0.4,0.2,0.1,11.195,3.306,0.234
0.4,0.2,0.2,9,3.004,0.212
0.4,0.2,0.3,7.875,2.796,0.198
0.4,0.2,0.4,7.12,2.602,0.184
0.4,0.2,0.5,6.53,2.449,0.173
0.42,0.2,0.1,13,3.4,0.24
0.42,0.2,0.2,10.405,3.225,0.228
0.42,0.2,0.3,9,3.004,0.212
0.42,0.2,0.4,8.08,2.852,0.202
0.42,0.2,0.5,7.335,2.713,0.192
0.44,0.2,0.1,14.88,3.699,0.262
0.44,0.2,0.2,11.965,3.336,0.236
0.44,0.2,0.3,10.415,3.24,0.229
0.44,0.2,0.4,9.245,3.045,0.215
0.44,0.2,0.5,8.285,2.923,0.207
0.46,0.2,0.1,17.21,3.994,0.282
0.46,0.2,0.2,13.875,3.53,0.25
0.46,0.2,0.3,11.975,3.326,0.235
0.46,0.2,0.4,10.65,3.233,0.229
0.46,0.2,0.5,9.6,3.122,0.221
0.48,0.2,0.1,19.815,4.107,0.29
0.48,0.2,0.2,15.93,3.908,0.276
0.48,0.2,0.3,13.885,3.526,0.249
0.48,0.2,0.4,12.37,3.357,0.237
0.48,0.2,0.5,11.06,3.309,0.234
0.5,0.2,0.1,22.405,4.435,0.314
0.5,0.2,0.2,18.46,4.019,0.284
0.5,0.2,0.3,15.935,3.909,0.276
0.5,0.2,0.4,14.28,3.59,0.254
0.5,0.2,0.5,12.85,3.421,0.242
0,0.3,0.1,1.375,1.242,0.088
0,0.3,0.2,1.145,1.171,0.083
0,0.3,0.3,1.015,1.109,0.078
0,0.3,0.4,0.93,1.082,0.077
0,0.3,0.5,0.84,0.995,0.07
0.02,0.3,0.1,1.545,1.279,0.09
0.02,0.3,0.2,1.325,1.211,0.086
0.02,0.3,0.3,1.18,1.181,0.084
0.02,0.3,0.4,1.075,1.143,0.081
0.02,0.3,0.5,0.995,1.1,0.078
0.04,0.3,0.1,1.78,1.368,0.097
0.04,0.3,0.2,1.485,1.26,0.089
0.04,0.3,0.3,1.335,1.217,0.086
0.04,0.3,0.4,1.21,1.18,0.083
0.04,0.3,0.5,1.12,1.163,0.082
0.06,0.3,0.1,2.095,1.444,0.102
0.06,0.3,0.2,1.71,1.336,0.094
0.06,0.3,0.3,1.55,1.287,0.091
0.06,0.3,0.4,1.42,1.266,0.089
0.06,0.3,0.5,1.305,1.2,0.085
0.08,0.3,0.1,2.405,1.582,0.112
0.08,0.3,0.2,1.99,1.449,0.102
0.08,0.3,0.3,1.735,1.351,0.095
0.08,0.3,0.4,1.58,1.305,0.092
0.08,0.3,0.5,1.485,1.276,0.09
0.1,0.3,0.1,2.69,1.618,0.114
0.1,0.3,0.2,2.3,1.53,0.108
0.1,0.3,0.3,2.025,1.465,0.104
0.1,0.3,0.4,1.83,1.393,0.099
0.1,0.3,0.5,1.665,1.35,0.095
0.12,0.3,0.1,2.96,1.653,0.117
0.12,0.3,0.2,2.595,1.607,0.114
0.12,0.3,0.3,2.335,1.541,0.109
0.12,0.3,0.4,2.09,1.477,0.104
0.12,0.3,0.5,1.94,1.434,0.101
0.14,0.3,0.1,3.24,1.751,0.124
0.14,0.3,0.2,2.91,1.678,0.119
0.14,0.3,0.3,2.64,1.635,0.116
0.14,0.3,0.4,2.425,1.59,0.112
0.14,0.3,0.5,2.245,1.525,0.108
0.16,0.3,0.1,3.6,1.876,0.133
0.16,0.3,0.2,3.17,1.699,0.12
0.16,0.3,0.3,2.96,1.671,0.118
0.16,0.3,0.4,2.725,1.632,0.115
0.16,0.3,0.5,2.56,1.597,0.113
0.18,0.3,0.1,3.94,1.94,0.137
0.18,0.3,0.2,3.505,1.824,0.129
0.18,0.3,0.3,3.2,1.704,0.121
0.18,0.3,0.4,3.04,1.674,0.118
0.18,0.3,0.5,2.81,1.642,0.116
0.2,0.3,0.1,4.395,2.11,0.149
0.2,0.3,0.2,3.83,1.939,0.137
0.2,0.3,0.3,3.54,1.845,0.13
0.2,0.3,0.4,3.285,1.766,0.125
0.2,0.3,0.5,3.13,1.705,0.121
0.22,0.3,0.1,4.79,2.189,0.155
0.22,0.3,0.2,4.215,2.005,0.142
0.22,0.3,0.3,3.83,1.939,0.137
0.22,0.3,0.4,3.59,1.86,0.132
0.22,0.3,0.5,3.35,1.762,0.125
0.24,0.3,0.1,5.315,2.285,0.162
0.24,0.3,0.2,4.6,2.148,0.152
0.24,0.3,0.3,4.215,2.005,0.142
0.24,0.3,0.4,3.895,1.953,0.138
0.24,0.3,0.5,3.655,1.885,0.133
0.26,0.3,0.1,5.885,2.379,0.168
0.26,0.3,0.2,5.025,2.231,0.158
0.26,0.3,0.3,4.6,2.148,0.152
0.26,0.3,0.4,4.27,2.049,0.145
0.26,0.3,0.5,3.96,1.959,0.139
0.28,0.3,0.1,6.695,2.529,0.179
0.28,0.3,0.2,5.59,2.326,0.164
0.28,0.3,0.3,5.025,2.231,0.158
0.28,0.3,0.4,4.665,2.183,0.154
0.28,0.3,0.5,4.37,2.113,0.149
0.3,0.3,0.1,7.56,2.81,0.199
0.3,0.3,0.2,6.24,2.394,0.169
0.3,0.3,0.3,5.59,2.326,0.164
0.3,0.3,0.4,5.13,2.229,0.158
0.3,0.3,0.5,4.77,2.18,0.154
0.32,0.3,0.1,8.555,3.017,0.213
0.32,0.3,0.2,7.055,2.636,0.186
0.32,0.3,0.3,6.25,2.401,0.17
0.32,0.3,0.4,5.71,2.333,0.165
0.32,0.3,0.5,5.275,2.268,0.16
0.34,0.3,0.1,9.965,3.23,0.228
0.34,0.3,0.2,8.045,2.868,0.203
0.34,0.3,0.3,7.055,2.636,0.186
0.34,0.3,0.4,6.43,2.436,0.172
0.34,0.3,0.5,5.86,2.37,0.168
0.36,0.3,0.1,11.53,3.394,0.24
0.36,0.3,0.2,9.22,3.089,0.218
0.36,0.3,0.3,8.05,2.863,0.202
0.36,0.3,0.4,7.27,2.678,0.189
0.36,0.3,0.5,6.645,2.516,0.178
0.38,0.3,0.1,13.505,3.479,0.246
0.38,0.3,0.2,10.7,3.316,0.234
0.38,0.3,0.3,9.22,3.089,0.218
0.38,0.3,0.4,8.24,2.918,0.206
0.38,0.3,0.5,7.48,2.773,0.196
0.4,0.3,0.1,15.565,3.8,0.269
0.4,0.3,0.2,12.375,3.418,0.242
0.4,0.3,0.3,10.7,3.316,0.234
0.4,0.3,0.4,9.49,3.13,0.221
0.4,0.3,0.5,8.475,2.992,0.212
0.42,0.3,0.1,18.125,4.136,0.292
0.42,0.3,0.2,14.51,3.612,0.255
0.42,0.3,0.3,12.375,3.418,0.242
0.42,0.3,0.4,10.96,3.328,0.235
0.42,0.3,0.5,9.84,3.196,0.226
0.44,0.3,0.1,20.93,4.254,0.301
0.44,0.3,0.2,16.745,4.05,0.286
0.44,0.3,0.3,14.51,3.612,0.255
0.44,0.3,0.4,12.8,3.434,0.243
0.44,0.3,0.5,11.395,3.402,0.241
0.46,0.3,0.1,23.905,4.718,0.334
0.46,0.3,0.2,19.48,4.147,0.293
0.46,0.3,0.3,16.745,4.05,0.286
0.46,0.3,0.4,14.905,3.702,0.262
0.46,0.3,0.5,13.335,3.496,0.247
0.48,0.3,0.1,27.035,5.247,0.371
0.48,0.3,0.2,22.2,4.486,0.317
0.48,0.3,0.3,19.485,4.15,0.293
0.48,0.3,0.4,17.205,4.044,0.286
0.48,0.3,0.5,15.46,3.766,0.266
0.5,0.3,0.1,30.36,5.215,0.369
0.5,0.3,0.2,25.305,4.835,0.342
0.5,0.3,0.3,22.2,4.486,0.317
0.5,0.3,0.4,20.015,4.199,0.297
0.5,0.3,0.5,17.96,4.131,0.292
0,0.4,0.1,1.72,1.368,0.097
0,0.4,0.2,1.435,1.258,0.089
0,0.4,0.3,1.285,1.209,0.085
0,0.4,0.4,1.165,1.164,0.082
0,0.4,0.5,1.065,1.143,0.081
0.02,0.4,0.1,1.995,1.412,0.1
0.02,0.4,0.2,1.63,1.32,0.093
0.02,0.4,0.3,1.475,1.256,0.089
0.02,0.4,0.4,1.355,1.236,0.087
0.02,0.4,0.5,1.255,1.165,0.082
0.04,0.4,0.1,2.27,1.513,0.107
0.04,0.4,0.2,1.875,1.418,0.1
0.04,0.4,0.3,1.65,1.321,0.093
0.04,0.4,0.4,1.505,1.264,0.089
0.04,0.4,0.5,1.415,1.245,0.088
0.06,0.4,0.1,2.575,1.571,0.111
0.06,0.4,0.2,2.195,1.486,0.105
0.06,0.4,0.3,1.945,1.436,0.102
0.06,0.4,0.4,1.77,1.359,0.096
0.06,0.4,0.5,1.61,1.318,0.093
0.08,0.4,0.1,2.865,1.64,0.116
0.08,0.4,0.2,2.51,1.591,0.113
0.08,0.4,0.3,2.255,1.524,0.108
0.08,0.4,0.4,2.025,1.444,0.102
0.08,0.4,0.5,1.875,1.407,0.099
0.1,0.4,0.1,3.145,1.702,0.12
0.1,0.4,0.2,2.825,1.646,0.116
0.1,0.4,0.3,2.565,1.603,0.113
0.1,0.4,0.4,2.345,1.555,0.11
0.1,0.4,0.5,2.175,1.495,0.106
0.12,0.4,0.1,3.46,1.815,0.128
0.12,0.4,0.2,3.06,1.667,0.118
0.12,0.4,0.3,2.86,1.66,0.117
0.12,0.4,0.4,2.645,1.625,0.115
0.12,0.4,0.5,2.48,1.598,0.113
0.14,0.4,0.1,3.84,1.911,0.135
0.14,0.4,0.2,3.415,1.808,0.128
0.14,0.4,0.3,3.12,1.703,0.12
0.14,0.4,0.4,2.96,1.671,0.118
0.14,0.4,0.5,2.745,1.653,0.117
0.16,0.4,0.1,4.315,2.083,0.147
0.16,0.4,0.2,3.755,1.917,0.136
0.16,0.4,0.3,3.48,1.821,0.129
0.16,0.4,0.4,3.225,1.735,0.123
0.16,0.4,0.5,3.065,1.681,0.119
0.18,0.4,0.1,4.745,2.178,0.154
0.18,0.4,0.2,4.17,1.97,0.139
0.18,0.4,0.3,3.79,1.914,0.135
0.18,0.4,0.4,3.565,1.839,0.13
0.18,0.4,0.5,3.325,1.739,0.123
0.2,0.4,0.1,5.355,2.284,0.161
0.2,0.4,0.2,4.615,2.154,0.152
0.2,0.4,0.3,4.225,1.999,0.141
0.2,0.4,0.4,3.9,1.957,0.138
0.2,0.4,0.5,3.665,1.884,0.133
0.22,0.4,0.1,5.93,2.378,0.168
0.22,0.4,0.2,5.045,2.222,0.157
0.22,0.4,0.3,4.615,2.154,0.152
0.22,0.4,0.4,4.28,2.04,0.144
0.22,0.4,0.5,3.97,1.939,0.137
0.24,0.4,0.1,6.75,2.55,0.18
0.24,0.4,0.2,5.63,2.322,0.164
0.24,0.4,0.3,5.045,2.222,0.157
0.24,0.4,0.4,4.685,2.186,0.155
0.24,0.4,0.5,4.38,2.097,0.148
0.26,0.4,0.1,7.645,2.816,0.199
0.26,0.4,0.2,6.28,2.392,0.169
0.26,0.4,0.3,5.63,2.322,0.164
0.26,0.4,0.4,5.15,2.23,0.158
0.26,0.4,0.5,4.79,2.186,0.155
0.28,0.4,0.1,8.645,3.052,0.216
0.28,0.4,0.2,7.11,2.644,0.187
0.28,0.4,0.3,6.28,2.392,0.169
0.28,0.4,0.4,5.75,2.34,0.165
0.28,0.4,0.5,5.305,2.267,0.16
0.3,0.4,0.1,10.165,3.267,0.231
0.3,0.4,0.2,8.15,2.907,0.206
0.3,0.4,0.3,7.11,2.644,0.187
0.3,0.4,0.4,6.475,2.447,0.173
0.3,0.4,0.5,5.895,2.377,0.168
0.32,0.4,0.1,11.745,3.422,0.242
0.32,0.4,0.2,9.355,3.149,0.223
0.32,0.4,0.3,8.15,2.907,0.206
0.32,0.4,0.4,7.32,2.691,0.19
0.32,0.4,0.5,6.695,2.531,0.179
0.34,0.4,0.1,13.785,3.494,0.247
0.34,0.4,0.2,10.905,3.366,0.238
0.34,0.4,0.3,9.355,3.149,0.223
0.34,0.4,0.4,8.345,2.956,0.209
0.34,0.4,0.5,7.545,2.785,0.197
0.36,0.4,0.1,15.99,3.788,0.268
0.36,0.4,0.2,12.65,3.449,0.244
0.36,0.4,0.3,10.905,3.366,0.238
0.36,0.4,0.4,9.645,3.173,0.224
0.36,0.4,0.5,8.58,3.03,0.214
0.38,0.4,0.1,18.645,4.154,0.294
0.38,0.4,0.2,14.865,3.634,0.257
0.38,0.4,0.3,12.655,3.442,0.243
0.38,0.4,0.4,11.17,3.382,0.239
0.38,0.4,0.5,10,3.211,0.227
0.4,0.4,0.1,21.67,4.224,0.299
0.4,0.4,0.2,17.2,4.04,0.286
0.4,0.4,0.3,14.87,3.634,0.257
0.4,0.4,0.4,13.095,3.436,0.243
0.4,0.4,0.5,11.63,3.466,0.245
0.42,0.4,0.1,24.935,4.683,0.331
0.42,0.4,0.2,20.07,4.182,0.296
0.42,0.4,0.3,17.21,4.046,0.286
0.42,0.4,0.4,15.24,3.708,0.262
0.42,0.4,0.5,13.63,3.502,0.248
0.44,0.4,0.1,28.33,5.256,0.372
0.44,0.4,0.2,23.11,4.484,0.317
0.44,0.4,0.3,20.075,4.185,0.296
0.44,0.4,0.4,17.685,4.085,0.289
0.44,0.4,0.5,15.865,3.773,0.267
0.46,0.4,0.1,31.95,5.379,0.38
0.46,0.4,0.2,26.485,4.807,0.34
0.46,0.4,0.3,23.12,4.483,0.317
0.46,0.4,0.4,20.665,4.182,0.296
0.46,0.4,0.5,18.46,4.177,0.295
0.48,0.4,0.1,35.78,5.612,0.397
0.48,0.4,0.2,30.135,5.29,0.374
0.48,0.4,0.3,26.485,4.807,0.34
0.48,0.4,0.4,23.71,4.506,0.319
0.48,0.4,0.5,21.47,4.214,0.298
0.5,0.4,0.1,39.505,5.72,0.404
0.5,0.4,0.2,33.83,5.538,0.392
0.5,0.4,0.3,30.145,5.305,0.375
0.5,0.4,0.4,27.145,4.947,0.35
0.5,0.4,0.5,24.66,4.676,0.331
0,0.5,0.1,2.22,1.521,0.108
0,0.5,0.2,1.835,1.413,0.1
0,0.5,0.3,1.615,1.317,0.093
0,0.5,0.4,1.48,1.264,0.089
0,0.5,0.5,1.39,1.247,0.088
0.02,0.5,0.1,2.505,1.55,0.11
0.02,0.5,0.2,2.14,1.467,0.104
0.02,0.5,0.3,1.88,1.413,0.1
0.02,0.5,0.4,1.72,1.346,0.095
0.02,0.5,0.5,1.565,1.282,0.091
0.04,0.5,0.1,2.79,1.615,0.114
0.04,0.5,0.2,2.41,1.537,0.109
0.04,0.5,0.3,2.17,1.481,0.105
0.04,0.5,0.4,1.945,1.411,0.1
0.04,0.5,0.5,1.795,1.365,0.096
0.06,0.5,0.1,3.11,1.718,0.122
0.06,0.5,0.2,2.75,1.622,0.115
0.06,0.5,0.3,2.485,1.569,0.111
0.06,0.5,0.4,2.275,1.527,0.108
0.06,0.5,0.5,2.115,1.474,0.104
0.08,0.5,0.1,3.47,1.878,0.133
0.08,0.5,0.2,3.045,1.72,0.122
0.08,0.5,0.3,2.82,1.662,0.118
0.08,0.5,0.4,2.605,1.613,0.114
0.08,0.5,0.5,2.43,1.596,0.113
0.1,0.5,0.1,3.845,1.908,0.135
0.1,0.5,0.2,3.405,1.808,0.128
0.1,0.5,0.3,3.11,1.718,0.122
0.1,0.5,0.4,2.925,1.656,0.117
0.1,0.5,0.5,2.72,1.632,0.115
0.12,0.5,0.1,4.345,2.071,0.146
0.12,0.5,0.2,3.755,1.906,0.135
0.12,0.5,0.3,3.46,1.818,0.129
0.12,0.5,0.4,3.2,1.762,0.125
0.12,0.5,0.5,3.025,1.697,0.12
0.14,0.5,0.1,4.86,2.233,0.158
0.14,0.5,0.2,4.215,2.007,0.142
0.14,0.5,0.3,3.835,1.949,0.138
0.14,0.5,0.4,3.585,1.874,0.132
0.14,0.5,0.5,3.34,1.795,0.127
0.16,0.5,0.1,5.495,2.293,0.162
0.16,0.5,0.2,4.72,2.183,0.154
0.16,0.5,0.3,4.295,2.024,0.143
0.16,0.5,0.4,3.955,1.993,0.141
0.16,0.5,0.5,3.725,1.913,0.135
0.18,0.5,0.1,6.185,2.404,0.17
0.18,0.5,0.2,5.225,2.249,0.159
0.18,0.5,0.3,4.76,2.179,0.154
0.18,0.5,0.4,4.375,2.041,0.144
0.18,0.5,0.5,4.065,1.977,0.14
0.2,0.5,0.1,7.155,2.63,0.186
0.2,0.5,0.2,5.935,2.381,0.168
0.2,0.5,0.3,5.29,2.268,0.16
0.2,0.5,0.4,4.9,2.235,0.158
0.2,0.5,0.5,4.565,2.147,0.152
0.22,0.5,0.1,8.14,2.899,0.205
0.22,0.5,0.2,6.64,2.454,0.174
0.22,0.5,0.3,5.935,2.381,0.168
0.22,0.5,0.4,5.41,2.282,0.161
0.22,0.5,0.5,5.015,2.241,0.158
0.24,0.5,0.1,9.29,3.152,0.223
0.24,0.5,0.2,7.545,2.725,0.193
0.24,0.5,0.3,6.64,2.454,0.174
0.24,0.5,0.4,6.065,2.402,0.17
0.24,0.5,0.5,5.56,2.331,0.165
0.26,0.5,0.1,10.98,3.326,0.235
0.26,0.5,0.2,8.695,3.006,0.213
0.26,0.5,0.3,7.545,2.725,0.193
0.26,0.5,0.4,6.855,2.523,0.178
0.26,0.5,0.5,6.22,2.44,0.173
0.28,0.5,0.1,12.88,3.501,0.248
0.28,0.5,0.2,10.095,3.229,0.228
0.28,0.5,0.3,8.695,3.006,0.213
0.28,0.5,0.4,7.765,2.767,0.196
0.28,0.5,0.5,7.1,2.583,0.183
0.3,0.5,0.1,15.3,3.624,0.256
0.3,0.5,0.2,11.895,3.422,0.242
0.3,0.5,0.3,10.105,3.234,0.229
0.3,0.5,0.4,8.93,3.056,0.216
0.3,0.5,0.5,8.025,2.854,0.202
0.32,0.5,0.1,17.915,4.022,0.284
0.32,0.5,0.2,13.97,3.512,0.248
0.32,0.5,0.3,11.895,3.422,0.242
0.32,0.5,0.4,10.425,3.243,0.229
0.32,0.5,0.5,9.205,3.121,0.221
0.34,0.5,0.1,21.325,4.418,0.312
0.34,0.5,0.2,16.56,3.809,0.269
0.34,0.5,0.3,13.975,3.514,0.248
0.34,0.5,0.4,12.225,3.45,0.244
0.34,0.5,0.5,10.845,3.299,0.233
0.36,0.5,0.1,25.2,4.264,0.302
0.36,0.5,0.2,19.485,4.337,0.307
0.36,0.5,0.3,16.57,3.812,0.27
0.36,0.5,0.4,14.475,3.52,0.249
0.36,0.5,0.5,12.775,3.549,0.251
0.38,0.5,0.1,29.48,4.702,0.332
0.38,0.5,0.2,23.15,4.322,0.306
0.38,0.5,0.3,19.49,4.335,0.307
0.38,0.5,0.4,17.005,3.883,0.275
0.38,0.5,0.5,15.14,3.623,0.256
0.4,0.5,0.1,34.25,5.214,0.369
0.4,0.5,0.2,27.13,4.537,0.321
0.4,0.5,0.3,23.16,4.311,0.305
0.4,0.5,0.4,20.135,4.366,0.309
0.4,0.5,0.5,17.735,3.993,0.282
0.42,0.5,0.1,39.455,5.354,0.379
0.42,0.5,0.2,31.705,4.894,0.346
0.42,0.5,0.3,27.13,4.537,0.321
0.42,0.5,0.4,23.845,4.263,0.301
0.42,0.5,0.5,21.055,4.459,0.315
0.44,0.5,0.1,45.135,5.534,0.391
0.44,0.5,0.2,36.79,5.31,0.375
0.44,0.5,0.3,31.72,4.897,0.346
0.44,0.5,0.4,27.9,4.584,0.324
0.44,0.5,0.5,24.965,4.274,0.302
0.46,0.5,0.1,50.895,5.672,0.401
0.46,0.5,0.2,42.085,5.589,0.395
0.46,0.5,0.3,36.79,5.31,0.375
0.46,0.5,0.4,32.625,4.952,0.35
0.46,0.5,0.5,29.12,4.674,0.33
0.48,0.5,0.1,57.25,6.466,0.457
0.48,0.5,0.2,47.875,5.571,0.394
0.48,0.5,0.3,42.1,5.57,0.394
0.48,0.5,0.4,37.78,5.383,0.381
0.48,0.5,0.5,33.84,5.089,0.36
0.5,0.5,0.1,63.56,6.808,0.481
0.5,0.5,0.2,53.965,6.139,0.434
0.5,0.5,0.3,47.89,5.575,0.394
0.5,0.5,0.4,43.165,5.55,0.392
0.5,0.5,0.5,39.14,5.432,0.384
0,0.6,0.1,2.745,1.616,0.114
0,0.6,0.2,2.355,1.553,0.11
0,0.6,0.3,2.145,1.482,0.105
0,0.6,0.4,1.91,1.426,0.101
0,0.6,0.5,1.77,1.399,0.099
0.02,0.6,0.1,3.08,1.679,0.119
0.02,0.6,0.2,2.69,1.593,0.113
0.02,0.6,0.3,2.43,1.548,0.109
0.02,0.6,0.4,2.23,1.506,0.106
0.02,0.6,0.5,2.05,1.462,0.103
0.04,0.6,0.1,3.44,1.795,0.127
0.04,0.6,0.2,2.985,1.67,0.118
0.04,0.6,0.3,2.735,1.602,0.113
0.04,0.6,0.4,2.53,1.572,0.111
0.04,0.6,0.5,2.355,1.55,0.11
0.06,0.6,0.1,3.88,1.945,0.138
0.06,0.6,0.2,3.36,1.793,0.127
0.06,0.6,0.3,3.06,1.709,0.121
0.06,0.6,0.4,2.86,1.635,0.116
0.06,0.6,0.5,2.66,1.615,0.114
0.08,0.6,0.1,4.455,2.189,0.155
0.08,0.6,0.2,3.775,1.953,0.138
0.08,0.6,0.3,3.44,1.842,0.13
0.08,0.6,0.4,3.19,1.78,0.126
0.08,0.6,0.5,3,1.707,0.121
0.1,0.6,0.1,5.035,2.3,0.163
0.1,0.6,0.2,4.31,2.048,0.145
0.1,0.6,0.3,3.855,1.942,0.137
0.1,0.6,0.4,3.56,1.837,0.13
0.1,0.6,0.5,3.33,1.788,0.126
0.12,0.6,0.1,5.72,2.431,0.172
0.12,0.6,0.2,4.86,2.233,0.158
0.12,0.6,0.3,4.375,2.058,0.146
0.12,0.6,0.4,3.965,1.96,0.139
0.12,0.6,0.5,3.715,1.885,0.133
0.14,0.6,0.1,6.55,2.567,0.182
0.14,0.6,0.2,5.49,2.454,0.173
0.14,0.6,0.3,4.955,2.287,0.162
0.14,0.6,0.4,4.515,2.124,0.15
0.14,0.6,0.5,4.155,2.028,0.143
0.16,0.6,0.1,7.67,2.768,0.196
0.16,0.6,0.2,6.28,2.493,0.176
0.16,0.6,0.3,5.58,2.46,0.174
0.16,0.6,0.4,5.13,2.36,0.167
0.16,0.6,0.5,4.735,2.245,0.159
0.18,0.6,0.1,8.845,3.097,0.219
0.18,0.6,0.2,7.15,2.596,0.184
0.18,0.6,0.3,6.325,2.486,0.176
0.18,0.6,0.4,5.745,2.462,0.174
0.18,0.6,0.5,5.29,2.361,0.167
0.2,0.6,0.1,10.295,3.305,0.234
0.2,0.6,0.2,8.245,2.925,0.207
0.2,0.6,0.3,7.23,2.616,0.185
0.2,0.6,0.4,6.545,2.548,0.18
0.2,0.6,0.5,5.965,2.499,0.177
0.22,0.6,0.1,12.205,3.512,0.248
0.22,0.6,0.2,9.595,3.18,0.225
0.22,0.6,0.3,8.26,2.916,0.206
0.22,0.6,0.4,7.445,2.678,0.189
0.22,0.6,0.5,6.74,2.588,0.183
0.24,0.6,0.1,14.49,3.74,0.264
0.24,0.6,0.2,11.245,3.417,0.242
0.24,0.6,0.3,9.6,3.175,0.225
0.24,0.6,0.4,8.49,2.936,0.208
0.24,0.6,0.5,7.73,2.723,0.193
0.26,0.6,0.1,17.345,3.851,0.272
0.26,0.6,0.2,13.275,3.619,0.256
0.26,0.6,0.3,11.245,3.417,0.242
0.26,0.6,0.4,9.835,3.194,0.226
0.26,0.6,0.5,8.825,3.06,0.216
0.28,0.6,0.1,20.555,4.184,0.296
0.28,0.6,0.2,15.775,3.818,0.27
0.28,0.6,0.3,13.275,3.619,0.256
0.28,0.6,0.4,11.59,3.424,0.242
0.28,0.6,0.5,10.205,3.292,0.233
0.3,0.6,0.1,24.605,4.632,0.328
0.3,0.6,0.2,18.855,4.029,0.285
0.3,0.6,0.3,15.775,3.818,0.27
0.3,0.6,0.4,13.7,3.662,0.259
0.3,0.6,0.5,12.065,3.5,0.248
0.32,0.6,0.1,29.47,4.454,0.315
0.32,0.6,0.2,22.455,4.562,0.323
0.32,0.6,0.3,18.855,4.029,0.285
0.32,0.6,0.4,16.295,3.789,0.268
0.32,0.6,0.5,14.335,3.767,0.266
0.34,0.6,0.1,34.92,4.893,0.346
0.34,0.6,0.2,26.895,4.467,0.316
0.34,0.6,0.3,22.455,4.562,0.323
0.34,0.6,0.4,19.41,4.101,0.29
0.34,0.6,0.5,17.085,3.839,0.271
0.36,0.6,0.1,41.345,5.446,0.385
0.36,0.6,0.2,31.99,4.718,0.334
0.36,0.6,0.3,26.9,4.465,0.316
0.36,0.6,0.4,23.175,4.569,0.323
0.36,0.6,0.5,20.3,4.227,0.299
0.38,0.6,0.1,48.445,5.62,0.397
0.38,0.6,0.2,37.92,5.082,0.359
0.38,0.6,0.3,31.995,4.72,0.334
0.38,0.6,0.4,27.765,4.468,0.316
0.38,0.6,0.5,24.29,4.667,0.33
0.4,0.6,0.1,56.25,6.108,0.432
0.4,0.6,0.2,44.8,5.672,0.401
0.4,0.6,0.3,37.945,5.099,0.361
0.4,0.6,0.4,32.955,4.774,0.338
0.4,0.6,0.5,29.165,4.432,0.313
0.42,0.6,0.1,64.685,6.208,0.439
0.42,0.6,0.2,52.04,5.981,0.423
0.42,0.6,0.3,44.83,5.661,0.4
0.42,0.6,0.4,39.19,5.229,0.37
0.42,0.6,0.5,34.43,4.883,0.345
0.44,0.6,0.1,74.075,6.85,0.484
0.44,0.6,0.2,60.315,6.21,0.439
0.44,0.6,0.3,52.05,5.973,0.422
0.44,0.6,0.4,46.155,5.727,0.405
0.44,0.6,0.5,40.85,5.359,0.379
0.46,0.6,0.1,83.865,7.437,0.526
0.46,0.6,0.2,69.34,6.607,0.467
0.46,0.6,0.3,60.335,6.201,0.438
0.46,0.6,0.4,53.465,5.972,0.422
0.46,0.6,0.5,47.985,5.752,0.407
0.48,0.6,0.1,94.27,8.024,0.567
0.48,0.6,0.2,78.74,7.34,0.519
0.48,0.6,0.3,69.35,6.613,0.468
0.48,0.6,0.4,61.88,6.228,0.44
0.48,0.6,0.5,55.68,6.069,0.429
0.5,0.6,0.1,104.57,8.439,0.597
0.5,0.6,0.2,89.005,7.73,0.547
0.5,0.6,0.3,78.76,7.335,0.519
0.5,0.6,0.4,71.165,6.703,0.474
0.5,0.6,0.5,64.16,6.17,0.436
0,0.7,0.1,3.415,1.836,0.13
0,0.7,0.2,2.955,1.705,0.121
0,0.7,0.3,2.685,1.615,0.114
0,0.7,0.4,2.49,1.588,0.112
0,0.7,0.5,2.325,1.559,0.11
0.02,0.7,0.1,3.915,1.961,0.139
0.02,0.7,0.2,3.36,1.785,0.126
0.02,0.7,0.3,3.035,1.705,0.121
0.02,0.7,0.4,2.82,1.606,0.114
0.02,0.7,0.5,2.62,1.59,0.112
0.04,0.7,0.1,4.485,2.117,0.15
0.04,0.7,0.2,3.74,1.937,0.137
0.04,0.7,0.3,3.41,1.808,0.128
0.04,0.7,0.4,3.125,1.728,0.122
0.04,0.7,0.5,2.925,1.641,0.116
0.06,0.7,0.1,5.115,2.286,0.162
0.06,0.7,0.2,4.35,2.039,0.144
0.06,0.7,0.3,3.83,1.998,0.141
0.06,0.7,0.4,3.535,1.878,0.133
0.06,0.7,0.5,3.285,1.8,0.127
0.08,0.7,0.1,5.905,2.479,0.175
0.08,0.7,0.2,4.96,2.279,0.161
0.08,0.7,0.3,4.45,2.093,0.148
0.08,0.7,0.4,3.995,2.048,0.145
0.08,0.7,0.5,3.71,1.969,0.139
0.1,0.7,0.1,6.795,2.607,0.184
0.1,0.7,0.2,5.655,2.453,0.173
0.1,0.7,0.3,5.05,2.281,0.161
0.1,0.7,0.4,4.59,2.106,0.149
0.1,0.7,0.5,4.195,2.071,0.146
0.12,0.7,0.1,7.95,2.862,0.202
0.12,0.7,0.2,6.46,2.546,0.18
0.12,0.7,0.3,5.72,2.456,0.174
0.12,0.7,0.4,5.235,2.33,0.165
0.12,0.7,0.5,4.815,2.219,0.157
0.14,0.7,0.1,9.31,3.142,0.222
0.14,0.7,0.2,7.465,2.71,0.192
0.14,0.7,0.3,6.575,2.586,0.183
0.14,0.7,0.4,5.95,2.526,0.179
0.14,0.7,0.5,5.46,2.408,0.17
0.16,0.7,0.1,10.95,3.312,0.234
0.16,0.7,0.2,8.73,2.98,0.211
0.16,0.7,0.3,7.575,2.719,0.192
0.16,0.7,0.4,6.835,2.602,0.184
0.16,0.7,0.5,6.205,2.537,0.179
0.18,0.7,0.1,13.135,3.515,0.249
0.18,0.7,0.2,10.225,3.195,0.226
0.18,0.7,0.3,8.805,2.953,0.209
0.18,0.7,0.4,7.86,2.758,0.195
0.18,0.7,0.5,7.08,2.636,0.186
0.2,0.7,0.1,15.805,3.835,0.271
0.2,0.7,0.2,12.195,3.41,0.241
0.2,0.7,0.3,10.32,3.209,0.227
0.2,0.7,0.4,9.125,2.962,0.209
0.2,0.7,0.5,8.245,2.858,0.202
0.22,0.7,0.1,18.945,3.907,0.276
0.22,0.7,0.2,14.465,3.676,0.26
0.22,0.7,0.3,12.195,3.41,0.241
0.22,0.7,0.4,10.64,3.217,0.228
0.22,0.7,0.5,9.49,3.085,0.218
0.24,0.7,0.1,22.535,4.18,0.296
0.24,0.7,0.2,17.215,3.879,0.274
0.24,0.7,0.3,14.47,3.668,0.259
0.24,0.7,0.4,12.575,3.421,0.242
0.24,0.7,0.5,11.04,3.311,0.234
0.26,0.7,0.1,27.115,4.547,0.322
0.26,0.7,0.2,20.655,4.057,0.287
0.26,0.7,0.3,17.22,3.882,0.274
0.26,0.7,0.4,14.94,3.737,0.264
0.26,0.7,0.5,13.115,3.513,0.248
0.28,0.7,0.1,32.76,4.425,0.313
0.28,0.7,0.2,24.755,4.478,0.317
0.28,0.7,0.3,20.66,4.046,0.286
0.28,0.7,0.4,17.785,3.846,0.272
0.28,0.7,0.5,15.615,3.865,0.273
0.3,0.7,0.1,39.045,4.921,0.348
0.3,0.7,0.2,29.805,4.449,0.315
0.3,0.7,0.3,24.765,4.484,0.317
0.3,0.7,0.4,21.28,4.072,0.288
0.3,0.7,0.5,18.68,3.862,0.273
0.32,0.7,0.1,46.67,5.51,0.39
0.32,0.7,0.2,35.685,4.753,0.336
0.32,0.7,0.3,29.835,4.458,0.315
0.32,0.7,0.4,25.49,4.493,0.318
0.32,0.7,0.5,22.28,4.225,0.299
0.34,0.7,0.1,55.275,5.651,0.4
0.34,0.7,0.2,42.64,5.172,0.366
0.34,0.7,0.3,35.7,4.751,0.336
0.34,0.7,0.4,30.8,4.469,0.316
0.34,0.7,0.5,26.785,4.585,0.324
0.36,0.7,0.1,64.9,6.201,0.438
0.36,0.7,0.2,50.9,5.635,0.398
0.36,0.7,0.3,42.665,5.17,0.366
0.36,0.7,0.4,36.86,4.852,0.343
0.36,0.7,0.5,32.425,4.405,0.311
0.38,0.7,0.1,75.605,6.449,0.456
0.38,0.7,0.2,59.72,5.983,0.423
0.38,0.7,0.3,50.915,5.632,0.398
0.38,0.7,0.4,44.11,5.301,0.375
0.38,0.7,0.5,38.535,4.922,0.348
0.4,0.7,0.1,87.62,7.089,0.501
0.4,0.7,0.2,69.985,6.533,0.462
0.4,0.7,0.3,59.76,5.99,0.424
0.4,0.7,0.4,52.465,5.629,0.398
0.4,0.7,0.5,46.16,5.453,0.386
0.42,0.7,0.1,100.485,7.726,0.546
0.42,0.7,0.2,81.605,6.746,0.477
0.42,0.7,0.3,70,6.525,0.461
0.42,0.7,0.4,61.46,5.962,0.422
0.42,0.7,0.5,54.655,5.626,0.398
0.44,0.7,0.1,114.35,8.155,0.577
0.44,0.7,0.2,93.94,7.602,0.538
0.44,0.7,0.3,81.635,6.759,0.478
0.44,0.7,0.4,71.945,6.539,0.462
0.44,0.7,0.5,64.135,6.171,0.436
0.46,0.7,0.1,128.47,8.382,0.593
0.46,0.7,0.2,107.29,8.055,0.57
0.46,0.7,0.3,93.975,7.596,0.537
0.46,0.7,0.4,83.91,6.831,0.483
0.46,0.7,0.5,74.805,6.471,0.458
0.48,0.7,0.1,142.505,8.755,0.619
0.48,0.7,0.2,121.435,8.503,0.601
0.48,0.7,0.3,107.315,8.074,0.571
0.48,0.7,0.4,96.365,7.589,0.537
0.48,0.7,0.5,86.77,7.124,0.504
0.5,0.7,0.1,156.01,9.026,0.638
0.5,0.7,0.2,135.445,8.639,0.611
0.5,0.7,0.3,121.47,8.486,0.6
0.5,0.7,0.4,109.795,8.066,0.57
0.5,0.7,0.5,99.575,7.613,0.538
0,0.8,0.1,4.52,2.127,0.15
0,0.8,0.2,3.755,1.948,0.138
0,0.8,0.3,3.41,1.813,0.128
0,0.8,0.4,3.125,1.748,0.124
0,0.8,0.5,2.92,1.673,0.118
0.02,0.8,0.1,5.215,2.27,0.161
0.02,0.8,0.2,4.375,1.996,0.141
0.02,0.8,0.3,3.845,1.962,0.139
0.02,0.8,0.4,3.545,1.829,0.129
0.02,0.8,0.5,3.285,1.763,0.125
0.04,0.8,0.1,5.965,2.46,0.174
0.04,0.8,0.2,4.985,2.193,0.155
0.04,0.8,0.3,4.445,2.009,0.142
0.04,0.8,0.4,3.975,1.976,0.14
0.04,0.8,0.5,3.685,1.88,0.133
0.06,0.8,0.1,6.915,2.695,0.191
0.06,0.8,0.2,5.745,2.435,0.172
0.06,0.8,0.3,5.1,2.244,0.159
0.06,0.8,0.4,4.615,2.112,0.149
0.06,0.8,0.5,4.2,2.062,0.146
0.08,0.8,0.1,8.18,2.977,0.21
0.08,0.8,0.2,6.64,2.651,0.187
0.08,0.8,0.3,5.865,2.488,0.176
0.08,0.8,0.4,5.325,2.327,0.165
0.08,0.8,0.5,4.885,2.249,0.159
0.1,0.8,0.1,9.605,3.228,0.228
0.1,0.8,0.2,7.695,2.816,0.199
0.1,0.8,0.3,6.755,2.668,0.189
0.1,0.8,0.4,6.09,2.546,0.18
0.1,0.8,0.5,5.575,2.407,0.17
0.12,0.8,0.1,11.325,3.352,0.237
0.12,0.8,0.2,8.99,3.07,0.217
0.12,0.8,0.3,7.775,2.817,0.199
0.12,0.8,0.4,6.995,2.682,0.19
0.12,0.8,0.5,6.31,2.578,0.182
0.14,0.8,0.1,13.705,3.645,0.258
0.14,0.8,0.2,10.635,3.322,0.235
0.14,0.8,0.3,9.13,3.084,0.218
0.14,0.8,0.4,8.11,2.898,0.205
0.14,0.8,0.5,7.315,2.761,0.195
0.16,0.8,0.1,16.62,3.917,0.277
0.16,0.8,0.2,12.735,3.475,0.246
0.16,0.8,0.3,10.755,3.312,0.234
0.16,0.8,0.4,9.48,3.122,0.221
0.16,0.8,0.5,8.555,3.005,0.213
0.18,0.8,0.1,20.05,4.005,0.283
0.18,0.8,0.2,15.24,3.712,0.263
0.18,0.8,0.3,12.845,3.476,0.246
0.18,0.8,0.4,11.175,3.304,0.234
0.18,0.8,0.5,9.955,3.19,0.226
0.2,0.8,0.1,24.15,4.365,0.309
0.2,0.8,0.2,18.335,3.952,0.279
0.2,0.8,0.3,15.355,3.736,0.264
0.2,0.8,0.4,13.335,3.509,0.248
0.2,0.8,0.5,11.705,3.392,0.24
0.22,0.8,0.1,29.17,4.769,0.337
0.22,0.8,0.2,22.09,4.178,0.295
0.22,0.8,0.3,18.345,3.954,0.28
0.22,0.8,0.4,15.845,3.783,0.268
0.22,0.8,0.5,13.94,3.592,0.254
0.24,0.8,0.1,35.46,4.823,0.341
0.24,0.8,0.2,26.55,4.658,0.329
0.24,0.8,0.3,22.11,4.177,0.295
0.24,0.8,0.4,18.915,3.962,0.28
0.24,0.8,0.5,16.62,3.95,0.279
0.26,0.8,0.1,42.53,5.133,0.363
0.26,0.8,0.2,32.15,4.77,0.337
0.26,0.8,0.3,26.56,4.664,0.33
0.26,0.8,0.4,22.78,4.214,0.298
0.26,0.8,0.5,19.885,3.994,0.282
0.28,0.8,0.1,51.21,5.733,0.405
0.28,0.8,0.2,38.79,5.004,0.354
0.28,0.8,0.3,32.185,4.785,0.338
0.28,0.8,0.4,27.385,4.683,0.331
0.28,0.8,0.5,23.86,4.378,0.31
0.3,0.8,0.1,61.07,6.062,0.429
0.3,0.8,0.2,46.67,5.386,0.381
0.3,0.8,0.3,38.815,4.998,0.353
0.3,0.8,0.4,33.255,4.844,0.343
0.3,0.8,0.5,28.82,4.815,0.34
0.32,0.8,0.1,72.25,6.429,0.455
0.32,0.8,0.2,56.115,5.947,0.421
0.32,0.8,0.3,46.69,5.389,0.381
0.32,0.8,0.4,40.14,5.042,0.356
0.32,0.8,0.5,35.05,4.848,0.343
0.34,0.8,0.1,85.015,6.823,0.482
0.34,0.8,0.2,66.35,6.328,0.447
0.34,0.8,0.3,56.135,5.937,0.42
0.34,0.8,0.4,48.315,5.575,0.394
0.34,0.8,0.5,41.94,5.132,0.363
0.36,0.8,0.1,99.35,7.433,0.526
0.36,0.8,0.2,78.355,6.784,0.48
0.36,0.8,0.3,66.4,6.329,0.448
0.36,0.8,0.4,57.825,6.045,0.427
0.36,0.8,0.5,50.66,5.641,0.399
0.38,0.8,0.1,114.89,8.118,0.574
0.38,0.8,0.2,92.065,7.02,0.496
0.38,0.8,0.3,78.405,6.773,0.479
0.38,0.8,0.4,68.255,6.309,0.446
0.38,0.8,0.5,60.38,6.118,0.433
0.4,0.8,0.1,131.745,8.471,0.599
0.4,0.8,0.2,106.945,8.018,0.567
0.4,0.8,0.3,92.135,7.029,0.497
0.4,0.8,0.4,80.74,6.789,0.48
0.4,0.8,0.5,71.38,6.494,0.459
0.42,0.8,0.1,149.12,8.52,0.602
0.42,0.8,0.2,123.025,8.424,0.596
0.42,0.8,0.3,107.005,8.017,0.567
0.42,0.8,0.4,94.82,7.05,0.499
0.42,0.8,0.5,84.09,6.869,0.486
0.44,0.8,0.1,166.83,8.835,0.625
0.44,0.8,0.2,140.55,8.697,0.615
0.44,0.8,0.3,123.05,8.4,0.594
0.44,0.8,0.4,109.805,8.002,0.566
0.44,0.8,0.5,98.39,7.46,0.527
0.46,0.8,0.1,184.345,9.11,0.644
0.46,0.8,0.2,157.865,8.661,0.612
0.46,0.8,0.3,140.58,8.72,0.617
0.46,0.8,0.4,126.16,8.358,0.591
0.46,0.8,0.5,113.735,8.024,0.567
0.48,0.8,0.1,201.53,8.721,0.617
0.48,0.8,0.2,175.59,9.303,0.658
0.48,0.8,0.3,157.89,8.658,0.612
0.48,0.8,0.4,143.76,8.789,0.621
0.48,0.8,0.5,130.545,8.413,0.595
0.5,0.8,0.1,217.82,8.473,0.599
0.5,0.8,0.2,193.23,8.941,0.632
0.5,0.8,0.3,175.65,9.316,0.659
0.5,0.8,0.4,161.235,8.764,0.62
0.5,0.8,0.5,147.905,8.628,0.61
0,0.9,0.1,5.835,2.465,0.174
0,0.9,0.2,4.88,2.179,0.154
0,0.9,0.3,4.32,2.002,0.142
0,0.9,0.4,3.885,1.96,0.139
0,0.9,0.5,3.595,1.865,0.132
0.02,0.9,0.1,6.795,2.649,0.187
0.02,0.9,0.2,5.64,2.398,0.17
0.02,0.9,0.3,4.99,2.171,0.154
0.02,0.9,0.4,4.505,2.062,0.146
0.02,0.9,0.5,4.115,2.013,0.142
0.04,0.9,0.1,8.015,2.915,0.206
0.04,0.9,0.2,6.5,2.603,0.184
0.04,0.9,0.3,5.72,2.423,0.171
0.04,0.9,0.4,5.19,2.229,0.158
0.04,0.9,0.5,4.725,2.141,0.151
0.06,0.9,0.1,9.48,3.233,0.229
0.06,0.9,0.2,7.555,2.814,0.199
0.06,0.9,0.3,6.625,2.638,0.187
0.06,0.9,0.4,5.96,2.506,0.177
0.06,0.9,0.5,5.47,2.342,0.166
0.08,0.9,0.1,11.325,3.403,0.241
0.08,0.9,0.2,8.93,3.115,0.22
0.08,0.9,0.3,7.7,2.834,0.2
0.08,0.9,0.4,6.905,2.676,0.189
0.08,0.9,0.5,6.255,2.583,0.183
0.1,0.9,0.1,13.745,3.688,0.261
0.1,0.9,0.2,10.59,3.357,0.237
0.1,0.9,0.3,9.085,3.136,0.222
0.1,0.9,0.4,8.03,2.911,0.206
0.1,0.9,0.5,7.215,2.747,0.194
0.12,0.9,0.1,16.7,3.987,0.282
0.12,0.9,0.2,12.715,3.546,0.251
0.12,0.9,0.3,10.685,3.342,0.236
0.12,0.9,0.4,9.39,3.151,0.223
0.12,0.9,0.5,8.45,3.037,0.215
0.14,0.9,0.1,20.28,4.117,0.291
0.14,0.9,0.2,15.36,3.855,0.273
0.14,0.9,0.3,12.885,3.591,0.254
0.14,0.9,0.4,11.2,3.391,0.24
0.14,0.9,0.5,9.915,3.274,0.232
0.16,0.9,0.1,24.545,4.461,0.315
0.16,0.9,0.2,18.605,4.046,0.286
0.16,0.9,0.3,15.515,3.819,0.27
0.16,0.9,0.4,13.435,3.568,0.252
0.16,0.9,0.5,11.775,3.449,0.244
0.18,0.9,0.1,29.86,4.93,0.349
0.18,0.9,0.2,22.56,4.307,0.305
0.18,0.9,0.3,18.72,4.046,0.286
0.18,0.9,0.4,16.12,3.87,0.274
0.18,0.9,0.5,14.13,3.622,0.256
0.2,0.9,0.1,36.555,4.941,0.349
0.2,0.9,0.2,27.225,4.743,0.335
0.2,0.9,0.3,22.715,4.334,0.306
0.2,0.9,0.4,19.425,4.027,0.285
0.2,0.9,0.5,17.03,4.006,0.283
0.22,0.9,0.1,43.91,5.137,0.363
0.22,0.9,0.2,33.105,4.923,0.348
0.22,0.9,0.3,27.25,4.748,0.336
0.22,0.9,0.4,23.415,4.383,0.31
0.22,0.9,0.5,20.415,4.081,0.289
0.24,0.9,0.1,53.075,5.884,0.416
0.24,0.9,0.2,40.05,5.152,0.364
0.24,0.9,0.3,33.13,4.926,0.348
0.24,0.9,0.4,28.16,4.788,0.339
0.24,0.9,0.5,24.54,4.482,0.317
0.26,0.9,0.1,63.445,6.286,0.444
0.26,0.9,0.2,48.265,5.399,0.382
0.26,0.9,0.3,40.065,5.145,0.364
0.26,0.9,0.4,34.295,4.986,0.353
0.26,0.9,0.5,29.655,4.97,0.351
0.28,0.9,0.1,75.385,6.778,0.479
0.28,0.9,0.2,58.13,6.068,0.429
0.28,0.9,0.3,48.31,5.395,0.382
0.28,0.9,0.4,41.455,5.249,0.371
0.28,0.9,0.5,36.14,4.947,0.35
0.3,0.9,0.1,89.015,7.181,0.508
0.3,0.9,0.2,69.04,6.508,0.46
0.3,0.9,0.3,58.165,6.056,0.428
0.3,0.9,0.4,50.045,5.652,0.4
0.3,0.9,0.5,43.345,5.182,0.366
0.32,0.9,0.1,104.3,7.756,0.548
0.32,0.9,0.2,81.965,7.139,0.505
0.32,0.9,0.3,69.09,6.507,0.46
0.32,0.9,0.4,60.055,6.191,0.438
0.32,0.9,0.5,52.47,5.795,0.41
0.34,0.9,0.1,120.89,8.353,0.591
0.34,0.9,0.2,96.51,7.361,0.52
0.34,0.9,0.3,82,7.158,0.506
0.34,0.9,0.4,71.105,6.533,0.462
0.34,0.9,0.5,62.7,6.301,0.446
0.36,0.9,0.1,138.915,8.904,0.63
0.36,0.9,0.2,112.455,8.275,0.585
0.36,0.9,0.3,96.545,7.374,0.521
0.36,0.9,0.4,84.485,7.132,0.504
0.36,0.9,0.5,74.46,6.796,0.481
0.38,0.9,0.1,157.89,9.021,0.638
0.38,0.9,0.2,129.62,8.785,0.621
0.38,0.9,0.3,112.48,8.288,0.586
0.38,0.9,0.4,99.365,7.431,0.525
0.38,0.9,0.5,88,7.291,0.516
0.4,0.9,0.1,177.27,9.04,0.639
0.4,0.9,0.2,148.495,9.181,0.649
0.4,0.9,0.3,129.65,8.79,0.622
0.4,0.9,0.4,115.51,8.312,0.588
0.4,0.9,0.5,103.245,7.859,0.556
0.42,0.9,0.1,196.41,9.124,0.645
0.42,0.9,0.2,167.385,8.954,0.633
0.42,0.9,0.3,148.565,9.184,0.649
0.42,0.9,0.4,133.02,8.777,0.621
0.42,0.9,0.5,119.72,8.358,0.591
0.44,0.9,0.1,215.255,8.636,0.611
0.44,0.9,0.2,186.83,9.461,0.669
0.44,0.9,0.3,167.425,8.958,0.633
0.44,0.9,0.4,152.09,9.177,0.649
0.44,0.9,0.5,137.695,8.805,0.623
0.46,0.9,0.1,233.57,8.486,0.6
0.46,0.9,0.2,206.11,9.018,0.638
0.46,0.9,0.3,186.86,9.449,0.668
0.46,0.9,0.4,171.16,9.046,0.64
0.46,0.9,0.5,156.635,9.054,0.64
0.48,0.9,0.1,250.75,8.176,0.578
0.48,0.9,0.2,224.535,8.221,0.581
0.48,0.9,0.3,206.135,9.016,0.638
0.48,0.9,0.4,190.36,9.352,0.661
0.48,0.9,0.5,175.925,8.971,0.634
0.5,0.9,0.1,266.835,8.104,0.573
0.5,0.9,0.2,242.055,8.551,0.605
0.5,0.9,0.3,224.615,8.217,0.581
0.5,0.9,0.4,209.655,8.857,0.626
0.5,0.9,0.5,195.24,9.258,0.655
0,1,0.1,7.695,2.882,0.204
0,1,0.2,6.24,2.586,0.183
0,1,0.3,5.51,2.393,0.169
0,1,0.4,4.99,2.205,0.156
0,1,0.5,4.54,2.129,0.151
0.02,1,0.1,9.11,3.091,0.219
0.02,1,0.2,7.25,2.684,0.19
0.02,1,0.3,6.38,2.571,0.182
0.02,1,0.4,5.735,2.424,0.171
0.02,1,0.5,5.265,2.263,0.16
0.04,1,0.1,10.93,3.294,0.233
0.04,1,0.2,8.59,3.008,0.213
0.04,1,0.3,7.375,2.761,0.195
0.04,1,0.4,6.63,2.609,0.184
0.04,1,0.5,6.01,2.504,0.177
0.06,1,0.1,13.335,3.639,0.257
0.06,1,0.2,10.245,3.336,0.236
0.06,1,0.3,8.765,3.096,0.219
0.06,1,0.4,7.735,2.858,0.202
0.06,1,0.5,6.97,2.705,0.191
0.08,1,0.1,16.32,3.973,0.281
0.08,1,0.2,12.385,3.581,0.253
0.08,1,0.3,10.405,3.357,0.237
0.08,1,0.4,9.145,3.141,0.222
0.08,1,0.5,8.22,3.016,0.213
0.1,1,0.1,19.855,4.108,0.291
0.1,1,0.2,15,3.853,0.272
0.1,1,0.3,12.56,3.581,0.253
0.1,1,0.4,10.935,3.373,0.239
0.1,1,0.5,9.665,3.244,0.229
0.12,1,0.1,24.015,4.466,0.316
0.12,1,0.2,18.205,4.028,0.285
0.12,1,0.3,15.14,3.823,0.27
0.12,1,0.4,13.095,3.571,0.252
0.12,1,0.5,11.475,3.423,0.242
0.14,1,0.1,29.385,4.936,0.349
0.14,1,0.2,22.205,4.283,0.303
0.14,1,0.3,18.41,4.076,0.288
0.14,1,0.4,15.835,3.902,0.276
0.14,1,0.5,13.855,3.643,0.258
0.16,1,0.1,36.14,4.941,0.349
0.16,1,0.2,26.825,4.73,0.334
0.16,1,0.3,22.395,4.267,0.302
0.16,1,0.4,19.14,4.013,0.284
0.16,1,0.5,16.785,3.972,0.281
0.18,1,0.1,43.575,5.131,0.363
0.18,1,0.2,32.85,4.9,0.346
0.18,1,0.3,26.98,4.723,0.334
0.18,1,0.4,23.16,4.346,0.307
0.18,1,0.5,20.23,4.052,0.287
0.2,1,0.1,52.88,5.84,0.413
0.2,1,0.2,39.915,5.135,0.363
0.2,1,0.3,33.035,4.916,0.348
0.2,1,0.4,28.045,4.806,0.34
0.2,1,0.5,24.465,4.478,0.317
0.22,1,0.1,63.21,6.266,0.443
0.22,1,0.2,48.1,5.344,0.378
0.22,1,0.3,39.96,5.159,0.365
0.22,1,0.4,34.215,4.968,0.351
0.22,1,0.5,29.555,4.968,0.351
0.24,1,0.1,75.125,6.799,0.481
0.24,1,0.2,57.97,6.081,0.43
0.24,1,0.3,48.14,5.376,0.38
0.24,1,0.4,41.36,5.255,0.372
0.24,1,0.5,35.99,4.95,0.35
0.26,1,0.1,88.735,7.188,0.508
0.26,1,0.2,68.815,6.515,0.461
0.26,1,0.3,57.99,6.059,0.428
0.26,1,0.4,49.885,5.641,0.399
0.26,1,0.5,43.24,5.188,0.367
0.28,1,0.1,103.985,7.736,0.547
0.28,1,0.2,81.73,7.137,0.505
0.28,1,0.3,68.86,6.516,0.461
0.28,1,0.4,59.87,6.135,0.434
0.28,1,0.5,52.33,5.825,0.412
0.3,1,0.1,120.54,8.37,0.592
0.3,1,0.2,96.275,7.299,0.516
0.3,1,0.3,81.775,7.152,0.506
0.3,1,0.4,70.915,6.481,0.458
0.3,1,0.5,62.53,6.231,0.441
0.32,1,0.1,138.595,8.875,0.628
0.32,1,0.2,112.17,8.287,0.586
0.32,1,0.3,96.31,7.331,0.518
0.32,1,0.4,84.215,7.135,0.505
0.32,1,0.5,74.235,6.773,0.479
0.34,1,0.1,157.52,9.009,0.637
0.34,1,0.2,129.315,8.753,0.619
0.34,1,0.3,112.225,8.274,0.585
0.34,1,0.4,99.16,7.455,0.527
0.34,1,0.5,87.75,7.3,0.516
0.36,1,0.1,176.95,9.047,0.64
0.36,1,0.2,148.235,9.164,0.648
0.36,1,0.3,129.375,8.754,0.619
0.36,1,0.4,115.29,8.244,0.583
0.36,1,0.5,102.985,7.79,0.551
0.38,1,0.1,196.155,9.179,0.649
0.38,1,0.2,167.085,8.933,0.632
0.38,1,0.3,148.27,9.171,0.648
0.38,1,0.4,132.69,8.772,0.62
0.38,1,0.5,119.48,8.362,0.591
0.4,1,0.1,214.97,8.615,0.609
0.4,1,0.2,186.535,9.413,0.666
0.4,1,0.3,167.13,8.916,0.63
0.4,1,0.4,151.795,9.136,0.646
0.4,1,0.5,137.4,8.792,0.622
0.42,1,0.1,233.315,8.493,0.601
0.42,1,0.2,205.8,9.044,0.64
0.42,1,0.3,186.585,9.429,0.667
0.42,1,0.4,170.865,9.071,0.641
0.42,1,0.5,156.325,9.019,0.638
0.44,1,0.1,250.475,8.205,0.58
0.44,1,0.2,224.245,8.265,0.584
0.44,1,0.3,205.835,9.025,0.638
0.44,1,0.4,190.04,9.352,0.661
0.44,1,0.5,175.68,9.003,0.637
0.46,1,0.1,266.605,8.094,0.572
0.46,1,0.2,241.795,8.646,0.611
0.46,1,0.3,224.3,8.286,0.586
0.46,1,0.4,209.42,8.903,0.63
0.46,1,0.5,194.875,9.281,0.656
0.48,1,0.1,281.485,7.505,0.531
0.48,1,0.2,258.86,8.189,0.579
0.48,1,0.3,241.84,8.629,0.61
0.48,1,0.4,227.71,8.34,0.59
0.48,1,0.5,213.75,8.701,0.615
0.5,1,0.1,294.625,7.04,0.498
0.5,1,0.2,274.34,7.686,0.544
0.5,1,0.3,258.89,8.191,0.579
0.5,1,0.4,245.01,8.39,0.593
0.5,1,0.5,232.055,8.49,0.6
0,1.1,0.1,10.545,3.248,0.23
0,1.1,0.2,8.27,2.982,0.211
0,1.1,0.3,7.095,2.71,0.192
0,1.1,0.4,6.38,2.594,0.183
0,1.1,0.5,5.77,2.475,0.175
0.02,1.1,0.1,12.915,3.518,0.249
0.02,1.1,0.2,9.88,3.209,0.227
0.02,1.1,0.3,8.445,2.972,0.21
0.02,1.1,0.4,7.445,2.723,0.193
0.02,1.1,0.5,6.7,2.626,0.186
0.04,1.1,0.1,15.77,3.871,0.274
0.04,1.1,0.2,11.965,3.469,0.245
0.04,1.1,0.3,10.03,3.253,0.23
0.04,1.1,0.4,8.795,2.998,0.212
0.04,1.1,0.5,7.885,2.909,0.206
0.06,1.1,0.1,19.275,4.03,0.285
0.06,1.1,0.2,14.545,3.813,0.27
0.06,1.1,0.3,12.18,3.56,0.252
0.06,1.1,0.4,10.575,3.359,0.237
0.06,1.1,0.5,9.335,3.204,0.227
0.08,1.1,0.1,23.47,4.47,0.316
0.08,1.1,0.2,17.795,4.03,0.285
0.08,1.1,0.3,14.775,3.818,0.27
0.08,1.1,0.4,12.755,3.549,0.251
0.08,1.1,0.5,11.155,3.409,0.241
0.1,1.1,0.1,28.84,4.953,0.35
0.1,1.1,0.2,21.735,4.259,0.301
0.1,1.1,0.3,18.01,4.068,0.288
0.1,1.1,0.4,15.465,3.893,0.275
0.1,1.1,0.5,13.535,3.626,0.256
0.12,1.1,0.1,35.51,4.975,0.352
0.12,1.1,0.2,26.325,4.726,0.334
0.12,1.1,0.3,21.95,4.246,0.3
0.12,1.1,0.4,18.725,3.968,0.281
0.12,1.1,0.5,16.395,3.928,0.278
0.14,1.1,0.1,42.98,5.192,0.367
0.14,1.1,0.2,32.365,4.945,0.35
0.14,1.1,0.3,26.575,4.759,0.337
0.14,1.1,0.4,22.81,4.332,0.306
0.14,1.1,0.5,19.89,4.048,0.286
0.16,1.1,0.1,52.295,5.763,0.408
0.16,1.1,0.2,39.42,5.121,0.362
0.16,1.1,0.3,32.6,4.902,0.347
0.16,1.1,0.4,27.665,4.787,0.339
0.16,1.1,0.5,24.075,4.404,0.311
0.18,1.1,0.1,62.785,6.236,0.441
0.18,1.1,0.2,47.785,5.336,0.377
0.18,1.1,0.3,39.605,5.123,0.362
0.18,1.1,0.4,33.945,4.973,0.352
0.18,1.1,0.5,29.3,4.96,0.351
0.2,1.1,0.1,74.785,6.795,0.48
0.2,1.1,0.2,57.78,6.058,0.428
0.2,1.1,0.3,48.01,5.35,0.378
0.2,1.1,0.4,41.24,5.26,0.372
0.2,1.1,0.5,35.835,4.952,0.35
0.22,1.1,0.1,88.305,7.17,0.507
0.22,1.1,0.2,68.535,6.442,0.456
0.22,1.1,0.3,57.85,6.072,0.429
0.22,1.1,0.4,49.72,5.6,0.396
0.22,1.1,0.5,43.14,5.199,0.368
0.24,1.1,0.1,103.65,7.832,0.554
0.24,1.1,0.2,81.43,7.186,0.508
0.24,1.1,0.3,68.64,6.487,0.459
0.24,1.1,0.4,59.705,6.135,0.434
0.24,1.1,0.5,52.175,5.878,0.416
0.26,1.1,0.1,120.175,8.372,0.592
0.26,1.1,0.2,95.945,7.277,0.515
0.26,1.1,0.3,81.515,7.145,0.505
0.26,1.1,0.4,70.76,6.523,0.461
0.26,1.1,0.5,62.385,6.222,0.44
0.28,1.1,0.1,138.2,8.909,0.63
0.28,1.1,0.2,111.84,8.225,0.582
0.28,1.1,0.3,96.05,7.275,0.514
0.28,1.1,0.4,84.02,7.114,0.503
0.28,1.1,0.5,74.05,6.775,0.479
0.3,1.1,0.1,157.15,9.043,0.639
0.3,1.1,0.2,129.015,8.687,0.614
0.3,1.1,0.3,111.955,8.225,0.582
0.3,1.1,0.4,98.935,7.395,0.523
0.3,1.1,0.5,87.485,7.346,0.519
0.32,1.1,0.1,176.635,9.034,0.639
0.32,1.1,0.2,147.95,9.158,0.648
0.32,1.1,0.3,129.1,8.717,0.616
0.32,1.1,0.4,114.96,8.268,0.585
0.32,1.1,0.5,102.755,7.781,0.55
0.34,1.1,0.1,195.85,9.181,0.649
0.34,1.1,0.2,166.78,8.911,0.63
0.34,1.1,0.3,148.03,9.139,0.646
0.34,1.1,0.4,132.43,8.78,0.621
0.34,1.1,0.5,119.215,8.309,0.588
0.36,1.1,0.1,214.65,8.564,0.606
0.36,1.1,0.2,186.225,9.336,0.66
0.36,1.1,0.3,166.815,8.937,0.632
0.36,1.1,0.4,151.51,9.131,0.646
0.36,1.1,0.5,137.145,8.785,0.621
0.38,1.1,0.1,232.985,8.543,0.604
0.38,1.1,0.2,205.54,9.069,0.641
0.38,1.1,0.3,186.29,9.371,0.663
0.38,1.1,0.4,170.51,9.007,0.637
0.38,1.1,0.5,156.095,9.082,0.642
0.4,1.1,0.1,250.235,8.172,0.578
0.4,1.1,0.2,223.93,8.245,0.583
0.4,1.1,0.3,205.565,9.053,0.64
0.4,1.1,0.4,189.755,9.382,0.663
0.4,1.1,0.5,175.4,9.024,0.638
0.42,1.1,0.1,266.39,8.102,0.573
0.42,1.1,0.2,241.51,8.653,0.612
0.42,1.1,0.3,223.985,8.237,0.582
0.42,1.1,0.4,209.135,8.966,0.634
0.42,1.1,0.5,194.64,9.308,0.658
0.44,1.1,0.1,281.205,7.566,0.535
0.44,1.1,0.2,258.63,8.186,0.579
0.44,1.1,0.3,241.555,8.652,0.612
0.44,1.1,0.4,227.49,8.305,0.587
0.44,1.1,0.5,213.525,8.718,0.616
0.46,1.1,0.1,294.415,7.093,0.502
0.46,1.1,0.2,274.105,7.675,0.543
0.46,1.1,0.3,258.67,8.188,0.579
0.46,1.1,0.4,244.76,8.389,0.593
0.46,1.1,0.5,231.78,8.495,0.601
0.48,1.1,0.1,306.08,6.715,0.475
0.48,1.1,0.2,287.75,7.167,0.507
0.48,1.1,0.3,274.15,7.683,0.543
0.48,1.1,0.4,261.405,8.249,0.583
0.48,1.1,0.5,249.04,8.143,0.576
0.5,1.1,0.1,316.26,6.208,0.439
0.5,1.1,0.2,300.48,6.863,0.485
0.5,1.1,0.3,287.79,7.169,0.507
0.5,1.1,0.4,276.725,7.649,0.541
0.5,1.1,0.5,265.32,8.123,0.574
0,1.2,0.1,15.22,3.835,0.271
0,1.2,0.2,11.53,3.436,0.243
0,1.2,0.3,9.655,3.189,0.225
0,1.2,0.4,8.445,2.965,0.21
0,1.2,0.5,7.575,2.854,0.202
0.02,1.2,0.1,18.68,3.893,0.275
0.02,1.2,0.2,14.085,3.682,0.26
0.02,1.2,0.3,11.77,3.437,0.243
0.02,1.2,0.4,10.2,3.23,0.228
0.02,1.2,0.5,8.985,3.063,0.217
0.04,1.2,0.1,22.745,4.324,0.306
0.04,1.2,0.2,17.24,3.945,0.279
0.04,1.2,0.3,14.285,3.722,0.263
0.04,1.2,0.4,12.33,3.46,0.245
0.04,1.2,0.5,10.765,3.298,0.233
0.06,1.2,0.1,28.02,4.837,0.342
0.06,1.2,0.2,21.125,4.207,0.297
0.06,1.2,0.3,17.525,4.03,0.285
0.06,1.2,0.4,15.01,3.861,0.273
0.06,1.2,0.5,13.13,3.602,0.255
0.08,1.2,0.1,34.73,5.01,0.354
0.08,1.2,0.2,25.7,4.651,0.329
0.08,1.2,0.3,21.445,4.224,0.299
0.08,1.2,0.4,18.315,3.981,0.281
0.08,1.2,0.5,16.005,3.951,0.279
0.1,1.2,0.1,42.205,5.223,0.369
0.1,1.2,0.2,31.755,4.957,0.35
0.1,1.2,0.3,26.02,4.707,0.333
0.1,1.2,0.4,22.31,4.325,0.306
0.1,1.2,0.5,19.465,4.026,0.285
0.12,1.2,0.1,51.45,5.746,0.406
0.12,1.2,0.2,38.75,5.163,0.365
0.12,1.2,0.3,32.01,4.937,0.349
0.12,1.2,0.4,27.145,4.83,0.342
0.12,1.2,0.5,23.605,4.397,0.311
0.14,1.2,0.1,61.96,6.232,0.441
0.14,1.2,0.2,47.215,5.375,0.38
0.14,1.2,0.3,39.09,5.15,0.364
0.14,1.2,0.4,33.455,5.041,0.356
0.14,1.2,0.5,28.795,4.901,0.347
0.16,1.2,0.1,73.925,6.799,0.481
0.16,1.2,0.2,57.08,6.02,0.426
0.16,1.2,0.3,47.515,5.343,0.378
0.16,1.2,0.4,40.76,5.27,0.373
0.16,1.2,0.5,35.405,4.937,0.349
0.18,1.2,0.1,87.67,7.195,0.509
0.18,1.2,0.2,68.015,6.417,0.454
0.18,1.2,0.3,57.385,6.03,0.426
0.18,1.2,0.4,49.325,5.542,0.392
0.18,1.2,0.5,42.86,5.171,0.366
0.2,1.2,0.1,103.165,7.784,0.55
0.2,1.2,0.2,81.095,7.1,0.502
0.2,1.2,0.3,68.305,6.422,0.454
0.2,1.2,0.4,59.39,6.12,0.433
0.2,1.2,0.5,51.995,5.851,0.414
0.22,1.2,0.1,119.595,8.362,0.591
0.22,1.2,0.2,95.495,7.249,0.513
0.22,1.2,0.3,81.185,7.116,0.503
0.22,1.2,0.4,70.48,6.546,0.463
0.22,1.2,0.5,62.14,6.196,0.438
0.24,1.2,0.1,137.705,8.873,0.627
0.24,1.2,0.2,111.47,8.258,0.584
0.24,1.2,0.3,95.67,7.333,0.519
0.24,1.2,0.4,83.7,7.219,0.51
0.24,1.2,0.5,73.805,6.8,0.481
0.26,1.2,0.1,156.7,9.174,0.649
0.26,1.2,0.2,128.585,8.71,0.616
0.26,1.2,0.3,111.6,8.218,0.581
0.26,1.2,0.4,98.595,7.37,0.521
0.26,1.2,0.5,87.195,7.336,0.519
0.28,1.2,0.1,176.125,9.019,0.638
0.28,1.2,0.2,147.505,9.207,0.651
0.28,1.2,0.3,128.7,8.696,0.615
0.28,1.2,0.4,114.61,8.239,0.583
0.28,1.2,0.5,102.43,7.823,0.553
0.3,1.2,0.1,195.44,9.242,0.654
0.3,1.2,0.2,166.45,8.982,0.635
0.3,1.2,0.3,147.69,9.17,0.648
0.3,1.2,0.4,132.11,8.746,0.618
0.3,1.2,0.5,118.875,8.224,0.581
0.32,1.2,0.1,214.335,8.652,0.612
0.32,1.2,0.2,185.88,9.313,0.659
0.32,1.2,0.3,166.55,8.944,0.632
0.32,1.2,0.4,151.155,9.148,0.647
0.32,1.2,0.5,136.855,8.81,0.623
0.34,1.2,0.1,232.675,8.49,0.6
0.34,1.2,0.2,205.19,9.077,0.642
0.34,1.2,0.3,186.015,9.308,0.658
0.34,1.2,0.4,170.145,8.974,0.635
0.34,1.2,0.5,155.795,9.129,0.646
0.36,1.2,0.1,249.93,8.08,0.571
0.36,1.2,0.2,223.595,8.233,0.582
0.36,1.2,0.3,205.265,9.076,0.642
0.36,1.2,0.4,189.48,9.398,0.665
0.36,1.2,0.5,175.19,8.978,0.635
0.38,1.2,0.1,266.04,8.105,0.573
0.38,1.2,0.2,241.245,8.68,0.614
0.38,1.2,0.3,223.69,8.229,0.582
0.38,1.2,0.4,208.855,8.973,0.634
0.38,1.2,0.5,194.265,9.304,0.658
0.4,1.2,0.1,280.965,7.538,0.533
0.4,1.2,0.2,258.35,8.178,0.578
0.4,1.2,0.3,241.335,8.654,0.612
0.4,1.2,0.4,227.195,8.263,0.584
0.4,1.2,0.5,213.225,8.707,0.616
0.42,1.2,0.1,294.17,7.083,0.501
0.42,1.2,0.2,273.87,7.673,0.543
0.42,1.2,0.3,258.42,8.182,0.579
0.42,1.2,0.4,244.55,8.387,0.593
0.42,1.2,0.5,231.48,8.453,0.598
0.44,1.2,0.1,305.82,6.707,0.474
0.44,1.2,0.2,287.53,7.145,0.505
0.44,1.2,0.3,273.92,7.685,0.543
0.44,1.2,0.4,261.245,8.234,0.582
0.44,1.2,0.5,248.79,8.098,0.573
0.46,1.2,0.1,316.16,6.231,0.441
0.46,1.2,0.2,300.315,6.85,0.484
0.46,1.2,0.3,287.585,7.139,0.505
0.46,1.2,0.4,276.485,7.624,0.539
0.46,1.2,0.5,265.12,8.137,0.575
0.48,1.2,0.1,324.855,5.713,0.404
0.48,1.2,0.2,311.275,6.36,0.45
0.48,1.2,0.3,300.325,6.849,0.484
0.48,1.2,0.4,290.075,7.107,0.503
0.48,1.2,0.5,280.135,7.612,0.538
0.5,1.2,0.1,332.615,5.147,0.364
0.5,1.2,0.2,320.61,6.007,0.425
0.5,1.2,0.3,311.315,6.36,0.45
0.5,1.2,0.4,302.4,6.775,0.479
0.5,1.2,0.5,293.41,7.066,0.5
0,1.3,0.1,21.85,4.181,0.296
0,1.3,0.2,16.605,3.937,0.278
0,1.3,0.3,13.785,3.685,0.261
0,1.3,0.4,11.895,3.415,0.241
0,1.3,0.5,10.38,3.239,0.229
0.02,1.3,0.1,27.17,4.626,0.327
0.02,1.3,0.2,20.49,3.995,0.282
0.02,1.3,0.3,16.975,3.895,0.275
0.02,1.3,0.4,14.535,3.755,0.266
0.02,1.3,0.5,12.705,3.475,0.246
0.04,1.3,0.1,33.645,4.922,0.348
0.04,1.3,0.2,24.875,4.541,0.321
0.04,1.3,0.3,20.76,4.087,0.289
0.04,1.3,0.4,17.75,3.884,0.275
0.04,1.3,0.5,15.505,3.854,0.273
0.06,1.3,0.1,41.02,5.183,0.366
0.06,1.3,0.2,30.83,4.888,0.346
0.06,1.3,0.3,25.27,4.636,0.328
0.06,1.3,0.4,21.655,4.262,0.301
0.06,1.3,0.5,18.935,3.989,0.282
0.08,1.3,0.1,50.39,5.76,0.407
0.08,1.3,0.2,37.905,5.172,0.366
0.08,1.3,0.3,31.3,4.945,0.35
0.08,1.3,0.4,26.515,4.796,0.339
0.08,1.3,0.5,23.055,4.38,0.31
0.1,1.3,0.1,60.815,6.258,0.442
0.1,1.3,0.2,46.365,5.397,0.382
0.1,1.3,0.3,38.355,5.162,0.365
0.1,1.3,0.4,32.815,5.043,0.357
0.1,1.3,0.5,28.235,4.917,0.348
0.12,1.3,0.1,72.785,6.762,0.478
0.12,1.3,0.2,56.225,6.037,0.427
0.12,1.3,0.3,46.73,5.382,0.381
0.12,1.3,0.4,40.055,5.288,0.374
0.12,1.3,0.5,34.775,5.02,0.355
0.14,1.3,0.1,86.57,7.199,0.509
0.14,1.3,0.2,67.2,6.376,0.451
0.14,1.3,0.3,56.675,6.038,0.427
0.14,1.3,0.4,48.715,5.488,0.388
0.14,1.3,0.5,42.315,5.233,0.37
0.16,1.3,0.1,101.98,7.741,0.547
0.16,1.3,0.2,80.24,7.116,0.503
0.16,1.3,0.3,67.58,6.398,0.452
0.16,1.3,0.4,58.71,6.073,0.429
0.16,1.3,0.5,51.415,5.843,0.413
0.18,1.3,0.1,118.71,8.404,0.594
0.18,1.3,0.2,94.81,7.205,0.509
0.18,1.3,0.3,80.635,7.133,0.504
0.18,1.3,0.4,70.01,6.524,0.461
0.18,1.3,0.5,61.73,6.156,0.435
0.2,1.3,0.1,136.98,8.775,0.62
0.2,1.3,0.2,110.96,8.168,0.578
0.2,1.3,0.3,95.185,7.22,0.511
0.2,1.3,0.4,83.315,7.152,0.506
0.2,1.3,0.5,73.475,6.757,0.478
0.22,1.3,0.1,155.935,9.085,0.642
0.22,1.3,0.2,127.95,8.686,0.614
0.22,1.3,0.3,111.11,8.205,0.58
0.22,1.3,0.4,98.195,7.306,0.517
0.22,1.3,0.5,86.815,7.312,0.517
0.24,1.3,0.1,175.53,9.002,0.637
0.24,1.3,0.2,147.025,9.177,0.649
0.24,1.3,0.3,128.215,8.726,0.617
0.24,1.3,0.4,114.23,8.332,0.589
0.24,1.3,0.5,102.12,7.804,0.552
0.26,1.3,0.1,194.88,9.23,0.653
0.26,1.3,0.2,165.945,9.019,0.638
0.26,1.3,0.3,147.195,9.19,0.65
0.26,1.3,0.4,131.7,8.816,0.623
0.26,1.3,0.5,118.52,8.284,0.586
0.28,1.3,0.1,213.745,8.726,0.617
0.28,1.3,0.2,185.29,9.162,0.648
0.28,1.3,0.3,166.08,9.003,0.637
0.28,1.3,0.4,150.685,9.234,0.653
0.28,1.3,0.5,136.405,8.859,0.626
0.3,1.3,0.1,232.21,8.547,0.604
0.3,1.3,0.2,204.73,9.12,0.645
0.3,1.3,0.3,185.505,9.189,0.65
0.3,1.3,0.4,169.72,8.975,0.635
0.3,1.3,0.5,155.455,9.155,0.647
0.32,1.3,0.1,249.53,8.16,0.577
0.32,1.3,0.2,223.21,8.293,0.586
0.32,1.3,0.3,204.87,9.119,0.645
0.32,1.3,0.4,189.125,9.432,0.667
0.32,1.3,0.5,174.82,8.998,0.636
0.34,1.3,0.1,265.72,8.181,0.579
0.34,1.3,0.2,240.93,8.631,0.61
0.34,1.3,0.3,223.365,8.271,0.585
0.34,1.3,0.4,208.51,8.942,0.632
0.34,1.3,0.5,193.97,9.255,0.654
0.36,1.3,0.1,280.715,7.53,0.532
0.36,1.3,0.2,258.095,8.218,0.581
0.36,1.3,0.3,240.985,8.639,0.611
0.36,1.3,0.4,226.935,8.266,0.585
0.36,1.3,0.5,212.955,8.73,0.617
0.38,1.3,0.1,293.925,7.097,0.502
0.38,1.3,0.2,273.54,7.685,0.543
0.38,1.3,0.3,258.165,8.246,0.583
0.38,1.3,0.4,244.23,8.426,0.596
0.38,1.3,0.5,231.185,8.489,0.6
0.4,1.3,0.1,305.55,6.735,0.476
0.4,1.3,0.2,287.315,7.213,0.51
0.4,1.3,0.3,273.63,7.655,0.541
0.4,1.3,0.4,261.035,8.246,0.583
0.4,1.3,0.5,248.515,8.157,0.577
0.42,1.3,0.1,315.91,6.27,0.443
0.42,1.3,0.2,300.13,6.818,0.482
0.42,1.3,0.3,287.36,7.177,0.507
0.42,1.3,0.4,276.215,7.686,0.543
0.42,1.3,0.5,264.87,8.195,0.579
0.44,1.3,0.1,324.69,5.708,0.404
0.44,1.3,0.2,311.105,6.368,0.45
0.44,1.3,0.3,300.19,6.837,0.483
0.44,1.3,0.4,289.815,7.137,0.505
0.44,1.3,0.5,279.9,7.583,0.536
0.46,1.3,0.1,332.465,5.141,0.364
0.46,1.3,0.2,320.48,5.994,0.424
0.46,1.3,0.3,311.16,6.36,0.45
0.46,1.3,0.4,302.195,6.767,0.478
0.46,1.3,0.5,293.215,7.091,0.501
0.48,1.3,0.1,339.065,4.939,0.349
0.48,1.3,0.2,328.62,5.402,0.382
0.48,1.3,0.3,320.51,6.005,0.425
0.48,1.3,0.4,312.96,6.483,0.458
0.48,1.3,0.5,305,6.76,0.478
0.5,1.3,0.1,344.505,4.333,0.306
0.5,1.3,0.2,335.895,5.167,0.365
0.5,1.3,0.3,328.65,5.405,0.382
0.5,1.3,0.4,322.01,5.995,0.424
0.5,1.3,0.5,315.31,6.331,0.448
0,1.4,0.1,32.195,4.844,0.343
0,1.4,0.2,23.925,4.403,0.311
0,1.4,0.3,19.955,4.04,0.286
0,1.4,0.4,17.11,3.867,0.273
0,1.4,0.5,14.95,3.818,0.27
0.02,1.4,0.1,39.63,5.097,0.36
0.02,1.4,0.2,29.745,4.697,0.332
0.02,1.4,0.3,24.495,4.406,0.312
0.02,1.4,0.4,21.01,4.068,0.288
0.02,1.4,0.5,18.36,3.854,0.273
0.04,1.4,0.1,48.84,5.689,0.402
0.04,1.4,0.2,36.715,5.051,0.357
0.04,1.4,0.3,30.235,4.799,0.339
0.04,1.4,0.4,25.68,4.663,0.33
0.04,1.4,0.5,22.33,4.258,0.301
0.06,1.4,0.1,59.225,6.296,0.445
0.06,1.4,0.2,45.135,5.436,0.384
0.06,1.4,0.3,37.265,5.129,0.363
0.06,1.4,0.4,31.875,4.972,0.352
0.06,1.4,0.5,27.425,4.762,0.337
0.08,1.4,0.1,71.125,6.793,0.48
0.08,1.4,0.2,55.035,6.101,0.431
0.08,1.4,0.3,45.83,5.441,0.385
0.08,1.4,0.4,39.215,5.297,0.375
0.08,1.4,0.5,34.015,5.066,0.358
0.1,1.4,0.1,84.89,7.223,0.511
0.1,1.4,0.2,65.945,6.404,0.453
0.1,1.4,0.3,55.65,6.056,0.428
0.1,1.4,0.4,47.825,5.535,0.391
0.1,1.4,0.5,41.505,5.254,0.372
0.12,1.4,0.1,100.51,7.639,0.54
0.12,1.4,0.2,79.095,7.091,0.501
0.12,1.4,0.3,66.605,6.317,0.447
0.12,1.4,0.4,57.79,6.099,0.431
0.12,1.4,0.5,50.6,5.84,0.413
0.14,1.4,0.1,117.205,8.334,0.589
0.14,1.4,0.2,93.595,7.149,0.506
0.14,1.4,0.3,79.685,7.086,0.501
0.14,1.4,0.4,69.125,6.452,0.456
0.14,1.4,0.5,60.96,6.102,0.431
0.16,1.4,0.1,135.46,8.94,0.632
0.16,1.4,0.2,109.695,8.125,0.575
0.16,1.4,0.3,94.15,7.171,0.507
0.16,1.4,0.4,82.34,7.113,0.503
0.16,1.4,0.5,72.655,6.764,0.478
0.18,1.4,0.1,154.775,9.082,0.642
0.18,1.4,0.2,127.035,8.646,0.611
0.18,1.4,0.3,110.3,8.139,0.576
0.18,1.4,0.4,97.505,7.244,0.512
0.18,1.4,0.5,86.22,7.284,0.515
0.2,1.4,0.1,174.555,9.019,0.638
0.2,1.4,0.2,146.175,9.15,0.647
0.2,1.4,0.3,127.58,8.564,0.606
0.2,1.4,0.4,113.63,8.248,0.583
0.2,1.4,0.5,101.705,7.694,0.544
0.22,1.4,0.1,194.025,9.314,0.659
0.22,1.4,0.2,165.205,9.08,0.642
0.22,1.4,0.3,146.47,9.175,0.649
0.22,1.4,0.4,131.06,8.818,0.624
0.22,1.4,0.5,117.985,8.313,0.588
0.24,1.4,0.1,213.075,8.73,0.617
0.24,1.4,0.2,184.705,9.113,0.644
0.24,1.4,0.3,165.585,9.071,0.641
0.24,1.4,0.4,150.165,9.298,0.657
0.24,1.4,0.5,135.91,8.824,0.624
0.26,1.4,0.1,231.49,8.545,0.604
0.26,1.4,0.2,204.135,9.198,0.65
0.26,1.4,0.3,184.925,9.127,0.645
0.26,1.4,0.4,169.245,8.978,0.635
0.26,1.4,0.5,154.975,9.21,0.651
0.28,1.4,0.1,248.83,8.199,0.58
0.28,1.4,0.2,222.65,8.414,0.595
0.28,1.4,0.3,204.33,9.198,0.65
0.28,1.4,0.4,188.615,9.46,0.669
0.28,1.4,0.5,174.36,9.03,0.639
0.3,1.4,0.1,265.24,8.14,0.576
0.3,1.4,0.2,240.44,8.635,0.611
0.3,1.4,0.3,222.87,8.373,0.592
0.3,1.4,0.4,207.98,8.925,0.631
0.3,1.4,0.5,193.515,9.311,0.658
0.32,1.4,0.1,280.395,7.53,0.532
0.32,1.4,0.2,257.76,8.272,0.585
0.32,1.4,0.3,240.615,8.651,0.612
0.32,1.4,0.4,226.55,8.322,0.588
0.32,1.4,0.5,212.635,8.793,0.622
0.34,1.4,0.1,293.645,7.099,0.502
0.34,1.4,0.2,273.24,7.763,0.549
0.34,1.4,0.3,257.91,8.23,0.582
0.34,1.4,0.4,243.93,8.443,0.597
0.34,1.4,0.5,230.905,8.457,0.598
0.36,1.4,0.1,305.335,6.754,0.478
0.36,1.4,0.2,287.09,7.192,0.509
0.36,1.4,0.3,273.34,7.744,0.548
0.36,1.4,0.4,260.72,8.241,0.583
0.36,1.4,0.5,248.195,8.122,0.574
0.38,1.4,0.1,315.68,6.285,0.444
0.38,1.4,0.2,299.865,6.879,0.486
0.38,1.4,0.3,287.16,7.196,0.509
0.38,1.4,0.4,275.97,7.679,0.543
0.38,1.4,0.5,264.62,8.157,0.577
0.4,1.4,0.1,324.46,5.724,0.405
0.4,1.4,0.2,310.8,6.383,0.451
0.4,1.4,0.3,299.93,6.859,0.485
0.4,1.4,0.4,289.56,7.189,0.508
0.4,1.4,0.5,279.62,7.602,0.538
0.42,1.4,0.1,332.265,5.143,0.364
0.42,1.4,0.2,320.265,6.03,0.426
0.42,1.4,0.3,310.875,6.373,0.451
0.42,1.4,0.4,301.96,6.838,0.484
0.42,1.4,0.5,292.955,7.041,0.498
0.44,1.4,0.1,338.91,4.929,0.349
0.44,1.4,0.2,328.46,5.428,0.384
0.44,1.4,0.3,320.325,6.028,0.426
0.44,1.4,0.4,312.78,6.515,0.461
0.44,1.4,0.5,304.8,6.768,0.479
0.46,1.4,0.1,344.435,4.323,0.306
0.46,1.4,0.2,335.81,5.155,0.365
0.46,1.4,0.3,328.53,5.404,0.382
0.46,1.4,0.4,321.89,5.987,0.423
0.46,1.4,0.5,315.15,6.361,0.45
0.48,1.4,0.1,348.985,4.021,0.284
0.48,1.4,0.2,341.745,4.657,0.329
0.48,1.4,0.3,335.825,5.149,0.364
0.48,1.4,0.4,330.04,5.265,0.372
0.48,1.4,0.5,324.02,5.794,0.41
0.5,1.4,0.1,352.535,3.395,0.24
0.5,1.4,0.2,346.78,4.201,0.297
0.5,1.4,0.3,341.77,4.652,0.329
0.5,1.4,0.4,336.985,5.091,0.36
0.5,1.4,0.5,331.875,5.083,0.359
0,1.5,0.1,46.64,5.552,0.393
0,1.5,0.2,35.08,4.955,0.35
0,1.5,0.3,28.985,4.716,0.333
0,1.5,0.4,24.71,4.491,0.318
0,1.5,0.5,21.485,4.119,0.291
0.02,1.5,0.1,57.015,6.16,0.436
0.02,1.5,0.2,43.625,5.328,0.377
0.02,1.5,0.3,35.98,4.95,0.35
0.02,1.5,0.4,30.835,4.818,0.341
0.02,1.5,0.5,26.57,4.555,0.322
0.04,1.5,0.1,68.745,6.556,0.464
0.04,1.5,0.2,53.285,6.043,0.427
0.04,1.5,0.3,44.425,5.334,0.377
0.04,1.5,0.4,38,5.187,0.367
0.04,1.5,0.5,32.94,4.964,0.351
0.06,1.5,0.1,82.5,7.329,0.518
0.06,1.5,0.2,64.115,6.33,0.448
0.06,1.5,0.3,54.105,6.119,0.433
0.06,1.5,0.4,46.52,5.532,0.391
0.06,1.5,0.5,40.36,5.277,0.373
0.08,1.5,0.1,98.285,7.75,0.548
0.08,1.5,0.2,77.335,7.143,0.505
0.08,1.5,0.3,65.11,6.403,0.453
0.08,1.5,0.4,56.52,6.139,0.434
0.08,1.5,0.5,49.595,5.847,0.413
0.1,1.5,0.1,115,8.425,0.596
0.1,1.5,0.2,91.875,7.219,0.51
0.1,1.5,0.3,78.205,7.126,0.504
0.1,1.5,0.4,67.795,6.51,0.46
0.1,1.5,0.5,59.82,6.175,0.437
0.12,1.5,0.1,133.365,8.75,0.619
0.12,1.5,0.2,108.065,7.989,0.565
0.12,1.5,0.3,92.785,7.095,0.502
0.12,1.5,0.4,81.13,7.068,0.5
0.12,1.5,0.5,71.555,6.679,0.472
0.14,1.5,0.1,152.765,9.111,0.644
0.14,1.5,0.2,125.355,8.642,0.611
0.14,1.5,0.3,108.905,8.051,0.569
0.14,1.5,0.4,96.28,7.193,0.509
0.14,1.5,0.5,85.175,7.241,0.512
0.16,1.5,0.1,172.515,9.122,0.645
0.16,1.5,0.2,144.505,9.267,0.655
0.16,1.5,0.3,126.13,8.697,0.615
0.16,1.5,0.4,112.395,8.296,0.587
0.16,1.5,0.5,100.585,7.628,0.539
0.18,1.5,0.1,192.405,9.417,0.666
0.18,1.5,0.2,163.84,9.082,0.642
0.18,1.5,0.3,145.29,9.249,0.654
0.18,1.5,0.4,130.105,8.844,0.625
0.18,1.5,0.5,117.135,8.319,0.588
0.2,1.5,0.1,211.91,8.77,0.62
0.2,1.5,0.2,183.72,9.134,0.646
0.2,1.5,0.3,164.62,9.067,0.641
0.2,1.5,0.4,149.375,9.259,0.655
0.2,1.5,0.5,135.175,8.777,0.621
0.22,1.5,0.1,230.415,8.609,0.609
0.22,1.5,0.2,203.22,9.253,0.654
0.22,1.5,0.3,184.12,9.161,0.648
0.22,1.5,0.4,168.42,8.984,0.635
0.22,1.5,0.5,154.285,9.19,0.65
0.24,1.5,0.1,247.95,8.196,0.58
0.24,1.5,0.2,221.92,8.434,0.596
0.24,1.5,0.3,203.7,9.208,0.651
0.24,1.5,0.4,188,9.431,0.667
0.24,1.5,0.5,173.88,9.03,0.638
0.26,1.5,0.1,264.41,8.12,0.574
0.26,1.5,0.2,239.755,8.651,0.612
0.26,1.5,0.3,222.205,8.425,0.596
0.26,1.5,0.4,207.365,8.944,0.632
0.26,1.5,0.5,192.99,9.295,0.657
0.28,1.5,0.1,279.58,7.662,0.542
0.28,1.5,0.2,257.085,8.268,0.585
0.28,1.5,0.3,240.04,8.668,0.613
0.28,1.5,0.4,225.935,8.312,0.588
0.28,1.5,0.5,212.055,8.761,0.619
0.3,1.5,0.1,293.11,7.042,0.498
0.3,1.5,0.2,272.72,7.701,0.545
0.3,1.5,0.3,257.385,8.291,0.586
0.3,1.5,0.4,243.415,8.492,0.6
0.3,1.5,0.5,230.4,8.505,0.601
0.32,1.5,0.1,304.905,6.775,0.479
0.32,1.5,0.2,286.76,7.207,0.51
0.32,1.5,0.3,272.94,7.771,0.549
0.32,1.5,0.4,260.39,8.327,0.589
0.32,1.5,0.5,247.825,8.105,0.573
0.34,1.5,0.1,315.42,6.346,0.449
0.34,1.5,0.2,299.59,6.885,0.487
0.34,1.5,0.3,286.92,7.225,0.511
0.34,1.5,0.4,275.725,7.663,0.542
0.34,1.5,0.5,264.345,8.161,0.577
0.36,1.5,0.1,324.2,5.755,0.407
0.36,1.5,0.2,310.54,6.431,0.455
0.36,1.5,0.3,299.66,6.871,0.486
0.36,1.5,0.4,289.255,7.132,0.504
0.36,1.5,0.5,279.315,7.608,0.538
0.38,1.5,0.1,332.02,5.152,0.364
0.38,1.5,0.2,320.015,6.027,0.426
0.38,1.5,0.3,310.62,6.436,0.455
0.38,1.5,0.4,301.73,6.859,0.485
0.38,1.5,0.5,292.7,7.088,0.501
0.4,1.5,0.1,338.67,4.947,0.35
0.4,1.5,0.2,328.255,5.414,0.383
0.4,1.5,0.3,320.1,6.029,0.426
0.4,1.5,0.4,312.555,6.528,0.462
0.4,1.5,0.5,304.57,6.82,0.482
0.42,1.5,0.1,344.205,4.306,0.305
0.42,1.5,0.2,335.6,5.21,0.368
0.42,1.5,0.3,328.325,5.426,0.384
0.42,1.5,0.4,321.665,6.001,0.424
0.42,1.5,0.5,314.975,6.379,0.451
0.44,1.5,0.1,348.78,4.038,0.286
0.44,1.5,0.2,341.61,4.672,0.33
0.44,1.5,0.3,335.68,5.207,0.368
0.44,1.5,0.4,329.905,5.29,0.374
0.44,1.5,0.5,323.81,5.807,0.411
0.46,1.5,0.1,352.465,3.382,0.239
0.46,1.5,0.2,346.675,4.241,0.3
0.46,1.5,0.3,341.685,4.658,0.329
0.46,1.5,0.4,336.905,5.107,0.361
0.46,1.5,0.5,331.745,5.083,0.359
0.48,1.5,0.1,355.505,2.885,0.204
0.48,1.5,0.2,350.745,3.666,0.259
0.48,1.5,0.3,346.7,4.228,0.299
0.48,1.5,0.4,342.595,4.456,0.315
0.48,1.5,0.5,338.435,4.911,0.347
0.5,1.5,0.1,357.625,2.628,0.186
0.5,1.5,0.2,354.03,3.173,0.224
0.5,1.5,0.3,350.765,3.681,0.26
0.5,1.5,0.4,347.57,4.101,0.29
0.5,1.5,0.5,344.055,4.384,0.31
0,1.6,0.1,65.345,6.541,0.462
0,1.6,0.2,50.805,5.927,0.419
0,1.6,0.3,42.445,5.327,0.377
0,1.6,0.4,36.31,5.082,0.359
0,1.6,0.5,31.57,4.912,0.347
0.02,1.6,0.1,78.975,7.225,0.511
0.02,1.6,0.2,61.66,6.331,0.448
0.02,1.6,0.3,52.14,5.993,0.424
0.02,1.6,0.4,44.89,5.342,0.378
0.02,1.6,0.5,38.985,5.128,0.363
0.04,1.6,0.1,94.755,7.582,0.536
0.04,1.6,0.2,74.715,6.931,0.49
0.04,1.6,0.3,62.975,6.254,0.442
0.04,1.6,0.4,54.765,6.082,0.43
0.04,1.6,0.5,48.05,5.631,0.398
0.06,1.6,0.1,111.65,8.564,0.606
0.06,1.6,0.2,89.285,7.301,0.516
0.06,1.6,0.3,76,7.082,0.501
0.06,1.6,0.4,65.97,6.405,0.453
0.06,1.6,0.5,58.225,6.197,0.438
0.08,1.6,0.1,130.32,9.047,0.64
0.08,1.6,0.2,105.755,8.172,0.578
0.08,1.6,0.3,90.765,7.345,0.519
0.08,1.6,0.4,79.415,7.2,0.509
0.08,1.6,0.5,69.925,6.714,0.475
0.1,1.6,0.1,149.675,9.177,0.649
0.1,1.6,0.2,123.025,8.723,0.617
0.1,1.6,0.3,106.94,8.099,0.573
0.1,1.6,0.4,94.535,7.312,0.517
0.1,1.6,0.5,83.685,7.225,0.511
0.12,1.6,0.1,169.595,8.886,0.628
0.12,1.6,0.2,142.24,9.082,0.642
0.12,1.6,0.3,124.205,8.577,0.607
0.12,1.6,0.4,110.695,8.188,0.579
0.12,1.6,0.5,99.12,7.449,0.527
0.14,1.6,0.1,189.575,9.328,0.66
0.14,1.6,0.2,161.585,9.02,0.638
0.14,1.6,0.3,143.445,9.191,0.65
0.14,1.6,0.4,128.375,8.782,0.621
0.14,1.6,0.5,115.61,8.257,0.584
0.16,1.6,0.1,209.235,8.802,0.622
0.16,1.6,0.2,181.5,9.173,0.649
0.16,1.6,0.3,162.715,9.158,0.648
0.16,1.6,0.4,147.705,9.38,0.663
0.16,1.6,0.5,133.665,8.929,0.631
0.18,1.6,0.1,228.41,8.602,0.608
0.18,1.6,0.2,201.565,9.314,0.659
0.18,1.6,0.3,182.69,9.175,0.649
0.18,1.6,0.4,167.11,9.02,0.638
0.18,1.6,0.5,153.095,9.199,0.65
0.2,1.6,0.1,246.44,8.184,0.579
0.2,1.6,0.2,220.655,8.506,0.601
0.2,1.6,0.3,202.53,9.259,0.655
0.2,1.6,0.4,186.995,9.465,0.669
0.2,1.6,0.5,172.895,9.053,0.64
0.22,1.6,0.1,263.075,8.112,0.574
0.22,1.6,0.2,238.68,8.673,0.613
0.22,1.6,0.3,221.235,8.487,0.6
0.22,1.6,0.4,206.415,9.071,0.641
0.22,1.6,0.5,192.175,9.408,0.665
0.24,1.6,0.1,278.54,7.648,0.541
0.24,1.6,0.2,256.185,8.307,0.587
0.24,1.6,0.3,239.295,8.642,0.611
0.24,1.6,0.4,225.195,8.31,0.588
0.24,1.6,0.5,211.405,8.745,0.618
0.26,1.6,0.1,292.07,7.105,0.502
0.26,1.6,0.2,271.815,7.738,0.547
0.26,1.6,0.3,256.59,8.266,0.584
0.26,1.6,0.4,242.725,8.463,0.598
0.26,1.6,0.5,229.775,8.559,0.605
0.28,1.6,0.1,304.015,6.74,0.477
0.28,1.6,0.2,285.97,7.218,0.51
0.28,1.6,0.3,272.185,7.738,0.547
0.28,1.6,0.4,259.755,8.328,0.589
0.28,1.6,0.5,247.16,8.13,0.575
0.3,1.6,0.1,314.73,6.325,0.447
0.3,1.6,0.2,298.94,6.874,0.486
0.3,1.6,0.3,286.39,7.214,0.51
0.3,1.6,0.4,275.225,7.642,0.54
0.3,1.6,0.5,263.83,8.141,0.576
0.32,1.6,0.1,323.725,5.815,0.411
0.32,1.6,0.2,310.145,6.441,0.455
0.32,1.6,0.3,299.225,6.882,0.487
0.32,1.6,0.4,288.865,7.077,0.5
0.32,1.6,0.5,278.9,7.696,0.544
0.34,1.6,0.1,331.69,5.148,0.364
0.34,1.6,0.2,319.735,6.087,0.43
0.34,1.6,0.3,310.37,6.464,0.457
0.34,1.6,0.4,301.46,6.832,0.483
0.34,1.6,0.5,292.41,7.06,0.499
0.36,1.6,0.1,338.335,4.989,0.353
0.36,1.6,0.2,328.015,5.424,0.384
0.36,1.6,0.3,319.84,6.048,0.428
0.36,1.6,0.4,312.32,6.494,0.459
0.36,1.6,0.5,304.33,6.828,0.483
0.38,1.6,0.1,343.965,4.351,0.308
0.38,1.6,0.2,335.4,5.23,0.37
0.38,1.6,0.3,328.12,5.445,0.385
0.38,1.6,0.4,321.39,6.035,0.427
0.38,1.6,0.5,314.775,6.387,0.452
0.4,1.6,0.1,348.53,4.047,0.286
0.4,1.6,0.2,341.395,4.656,0.329
0.4,1.6,0.3,335.495,5.213,0.369
0.4,1.6,0.4,329.655,5.304,0.375
0.4,1.6,0.5,323.625,5.811,0.411
0.42,1.6,0.1,352.27,3.405,0.241
0.42,1.6,0.2,346.45,4.207,0.297
0.42,1.6,0.3,341.48,4.666,0.33
0.42,1.6,0.4,336.685,5.141,0.364
0.42,1.6,0.5,331.555,5.102,0.361
0.44,1.6,0.1,355.315,2.886,0.204
0.44,1.6,0.2,350.605,3.687,0.261
0.44,1.6,0.3,346.53,4.233,0.299
0.44,1.6,0.4,342.45,4.491,0.318
0.44,1.6,0.5,338.29,4.92,0.348
0.46,1.6,0.1,357.555,2.635,0.186
0.46,1.6,0.2,353.94,3.187,0.225
0.46,1.6,0.3,350.695,3.669,0.259
0.46,1.6,0.4,347.47,4.148,0.293
0.46,1.6,0.5,343.96,4.349,0.308
0.48,1.6,0.1,359.45,2.25,0.159
0.48,1.6,0.2,356.63,2.773,0.196
0.48,1.6,0.3,353.97,3.2,0.226
0.48,1.6,0.4,351.37,3.596,0.254
0.48,1.6,0.5,348.515,4.087,0.289
0.5,1.6,0.1,360.79,2.011,0.142
0.5,1.6,0.2,358.585,2.44,0.173
0.5,1.6,0.3,356.645,2.774,0.196
0.5,1.6,0.4,354.565,3.037,0.215
0.5,1.6,0.5,352.26,3.391,0.24
0,1.7,0.1,89.12,7.571,0.535
0,1.7,0.2,70.8,6.976,0.493
0,1.7,0.3,59.915,6.223,0.44
0,1.7,0.4,52.185,5.933,0.42
0,1.7,0.5,45.855,5.51,0.39
0.02,1.7,0.1,105.99,8.315,0.588
0.02,1.7,0.2,85.27,7.047,0.498
0.02,1.7,0.3,72.925,7.021,0.496
0.02,1.7,0.4,63.38,6.383,0.451
0.02,1.7,0.5,56.07,6.063,0.429
0.04,1.7,0.1,124.72,8.807,0.623
0.04,1.7,0.2,101.795,7.942,0.562
0.04,1.7,0.3,87.555,7.03,0.497
0.04,1.7,0.4,76.775,6.987,0.494
0.04,1.7,0.5,67.615,6.414,0.454
0.06,1.7,0.1,144.56,9.229,0.653
0.06,1.7,0.2,119.36,8.942,0.632
0.06,1.7,0.3,103.855,8.102,0.573
0.06,1.7,0.4,91.87,7.376,0.522
0.06,1.7,0.5,81.335,7.247,0.512
0.08,1.7,0.1,164.965,9.146,0.647
0.08,1.7,0.2,138.94,9.365,0.662
0.08,1.7,0.3,121.46,8.934,0.632
0.08,1.7,0.4,108.345,8.451,0.598
0.08,1.7,0.5,96.93,7.606,0.538
0.1,1.7,0.1,184.955,9.475,0.67
0.1,1.7,0.2,158.21,9.032,0.639
0.1,1.7,0.3,140.695,9.165,0.648
0.1,1.7,0.4,125.965,8.889,0.629
0.1,1.7,0.5,113.46,8.395,0.594
0.12,1.7,0.1,204.95,8.785,0.621
0.12,1.7,0.2,178.315,8.918,0.631
0.12,1.7,0.3,159.97,8.926,0.631
0.12,1.7,0.4,145.365,9.244,0.654
0.12,1.7,0.5,131.62,8.763,0.62
0.14,1.7,0.1,224.375,8.674,0.613
0.14,1.7,0.2,198.505,9.247,0.654
0.14,1.7,0.3,180.08,8.944,0.632
0.14,1.7,0.4,164.78,8.97,0.634
0.14,1.7,0.5,151.145,9.199,0.65
0.16,1.7,0.1,242.64,8.33,0.589
0.16,1.7,0.2,217.725,8.564,0.606
0.16,1.7,0.3,200.025,9.288,0.657
0.16,1.7,0.4,184.7,9.494,0.671
0.16,1.7,0.5,170.885,9.193,0.65
0.18,1.7,0.1,260.425,8.19,0.579
0.18,1.7,0.2,236.595,8.807,0.623
0.18,1.7,0.3,219.385,8.576,0.606
0.18,1.7,0.4,204.755,9.151,0.647
0.18,1.7,0.5,190.595,9.423,0.666
0.2,1.7,0.1,276.415,7.691,0.544
0.2,1.7,0.2,254.545,8.372,0.592
0.2,1.7,0.3,237.85,8.742,0.618
0.2,1.7,0.4,223.915,8.336,0.589
0.2,1.7,0.5,210.235,8.78,0.621
0.22,1.7,0.1,290.155,7.09,0.501
0.22,1.7,0.2,270.37,7.836,0.554
0.22,1.7,0.3,255.34,8.375,0.592
0.22,1.7,0.4,241.525,8.517,0.602
0.22,1.7,0.5,228.765,8.535,0.604
0.24,1.7,0.1,302.43,6.664,0.471
0.24,1.7,0.2,284.76,7.258,0.513
0.24,1.7,0.3,271.165,7.809,0.552
0.24,1.7,0.4,258.825,8.281,0.586
0.24,1.7,0.5,246.285,8.166,0.577
0.26,1.7,0.1,313.285,6.39,0.452
0.26,1.7,0.2,297.8,6.908,0.488
0.26,1.7,0.3,285.415,7.188,0.508
0.26,1.7,0.4,274.335,7.691,0.544
0.26,1.7,0.5,263.04,8.112,0.574
0.28,1.7,0.1,322.505,5.815,0.411
0.28,1.7,0.2,309.13,6.414,0.454
0.28,1.7,0.3,298.32,6.901,0.488
0.28,1.7,0.4,288.085,7.127,0.504
0.28,1.7,0.5,278.215,7.678,0.543
0.3,1.7,0.1,330.8,5.202,0.368
0.3,1.7,0.2,318.975,6.06,0.428
0.3,1.7,0.3,309.68,6.411,0.453
0.3,1.7,0.4,300.87,6.771,0.479
0.3,1.7,0.5,291.895,7.028,0.497
0.32,1.7,0.1,337.685,5.064,0.358
0.32,1.7,0.2,327.495,5.444,0.385
0.32,1.7,0.3,319.345,6.043,0.427
0.32,1.7,0.4,311.925,6.502,0.46
0.32,1.7,0.5,303.975,6.795,0.48
0.34,1.7,0.1,343.535,4.42,0.313
0.34,1.7,0.2,335.045,5.221,0.369
0.34,1.7,0.3,327.815,5.413,0.383
0.34,1.7,0.4,321.13,6.037,0.427
0.34,1.7,0.5,314.515,6.431,0.455
0.36,1.7,0.1,348.19,4.105,0.29
0.36,1.7,0.2,341.095,4.701,0.332
0.36,1.7,0.3,335.21,5.229,0.37
0.36,1.7,0.4,329.36,5.343,0.378
0.36,1.7,0.5,323.37,5.85,0.414
0.38,1.7,0.1,351.955,3.511,0.248
0.38,1.7,0.2,346.2,4.29,0.303
0.38,1.7,0.3,341.25,4.685,0.331
0.38,1.7,0.4,336.47,5.177,0.366
0.38,1.7,0.5,331.4,5.128,0.363
0.4,1.7,0.1,355,2.948,0.208
0.4,1.7,0.2,350.36,3.723,0.263
0.4,1.7,0.3,346.31,4.247,0.3
0.4,1.7,0.4,342.235,4.502,0.318
0.4,1.7,0.5,338.115,4.909,0.347
0.42,1.7,0.1,357.26,2.67,0.189
0.42,1.7,0.2,353.7,3.202,0.226
0.42,1.7,0.3,350.475,3.704,0.262
0.42,1.7,0.4,347.26,4.111,0.291
0.42,1.7,0.5,343.71,4.337,0.307
0.44,1.7,0.1,359.245,2.294,0.162
0.44,1.7,0.2,356.455,2.787,0.197
0.44,1.7,0.3,353.82,3.192,0.226
0.44,1.7,0.4,351.22,3.597,0.254
0.44,1.7,0.5,348.35,4.092,0.289
0.46,1.7,0.1,360.675,2.027,0.143
0.46,1.7,0.2,358.495,2.468,0.175
0.46,1.7,0.3,356.565,2.777,0.196
0.46,1.7,0.4,354.47,3.054,0.216
0.46,1.7,0.5,352.185,3.372,0.238
0.48,1.7,0.1,361.77,1.753,0.124
0.48,1.7,0.2,360.095,2.126,0.15
0.48,1.7,0.3,358.555,2.447,0.173
0.48,1.7,0.4,357.005,2.687,0.19
0.48,1.7,0.5,355.195,2.919,0.206
0.5,1.7,0.1,362.64,1.497,0.106
0.5,1.7,0.2,361.305,1.908,0.135
0.5,1.7,0.3,360.12,2.121,0.15
0.5,1.7,0.4,358.93,2.422,0.171
0.5,1.7,0.5,357.435,2.695,0.191
0,1.8,0.1,115.275,8.623,0.61
0,1.8,0.2,95.52,7.919,0.56
0,1.8,0.3,82.535,6.944,0.491
0,1.8,0.4,72.675,7.006,0.495
0,1.8,0.5,64.195,6.351,0.449
0.02,1.8,0.1,135.415,8.75,0.619
0.02,1.8,0.2,113.065,8.599,0.608
0.02,1.8,0.3,98.925,7.944,0.562
0.02,1.8,0.4,87.7,7.228,0.511
0.02,1.8,0.5,77.925,7.13,0.504
0.04,1.8,0.1,155.935,8.831,0.624
0.04,1.8,0.2,132.67,9.11,0.644
0.04,1.8,0.3,116.55,8.729,0.617
0.04,1.8,0.4,104.285,8.254,0.584
0.04,1.8,0.5,93.415,7.313,0.517
0.06,1.8,0.1,176.805,9.403,0.665
0.06,1.8,0.2,152.495,9.073,0.642
0.06,1.8,0.3,136.08,9.332,0.66
0.06,1.8,0.4,122.12,9.083,0.642
0.06,1.8,0.5,110.155,8.486,0.6
0.08,1.8,0.1,197.415,8.995,0.636
0.08,1.8,0.2,173.14,9.224,0.652
0.08,1.8,0.3,155.845,9.147,0.647
0.08,1.8,0.4,141.865,9.475,0.67
0.08,1.8,0.5,128.605,9.075,0.642
0.1,1.8,0.1,217.07,8.776,0.621
0.1,1.8,0.2,193.375,9.353,0.661
0.1,1.8,0.3,175.945,9.098,0.643
0.1,1.8,0.4,161.295,9.031,0.639
0.1,1.8,0.5,148.115,9.274,0.656
0.12,1.8,0.1,236.05,8.374,0.592
0.12,1.8,0.2,213.115,8.607,0.609
0.12,1.8,0.3,196.165,9.223,0.652
0.12,1.8,0.4,181.4,9.363,0.662
0.12,1.8,0.5,167.945,8.933,0.632
0.14,1.8,0.1,254.305,8.318,0.588
0.14,1.8,0.2,232.085,8.879,0.628
0.14,1.8,0.3,215.785,8.698,0.615
0.14,1.8,0.4,201.61,9.15,0.647
0.14,1.8,0.5,187.795,9.321,0.659
0.16,1.8,0.1,270.775,7.876,0.557
0.16,1.8,0.2,250.365,8.488,0.6
0.16,1.8,0.3,234.345,8.795,0.622
0.16,1.8,0.4,220.755,8.384,0.593
0.16,1.8,0.5,207.52,8.912,0.63
0.18,1.8,0.1,286.145,7.317,0.517
0.18,1.8,0.2,267.45,7.925,0.56
0.18,1.8,0.3,252.845,8.395,0.594
0.18,1.8,0.4,239.335,8.592,0.608
0.18,1.8,0.5,226.82,8.549,0.605
0.2,1.8,0.1,299.25,6.665,0.471
0.2,1.8,0.2,282.39,7.302,0.516
0.2,1.8,0.3,269.295,7.844,0.555
0.2,1.8,0.4,257.19,8.259,0.584
0.2,1.8,0.5,244.785,8.232,0.582
0.22,1.8,0.1,310.34,6.36,0.45
0.22,1.8,0.2,295.7,6.853,0.485
0.22,1.8,0.3,283.675,7.252,0.513
0.22,1.8,0.4,272.91,7.734,0.547
0.22,1.8,0.5,261.77,8.15,0.576
0.24,1.8,0.1,320.03,5.874,0.415
0.24,1.8,0.2,307.375,6.405,0.453
0.24,1.8,0.3,296.865,6.905,0.488
0.24,1.8,0.4,286.91,7.263,0.514
0.24,1.8,0.5,277.13,7.665,0.542
0.26,1.8,0.1,328.705,5.386,0.381
0.26,1.8,0.2,317.485,6.06,0.429
0.26,1.8,0.3,308.44,6.443,0.456
0.26,1.8,0.4,299.825,6.817,0.482
0.26,1.8,0.5,290.92,7.076,0.5
0.28,1.8,0.1,335.815,5.031,0.356
0.28,1.8,0.2,326.135,5.55,0.392
0.28,1.8,0.3,318.255,6.059,0.428
0.28,1.8,0.4,310.93,6.431,0.455
0.28,1.8,0.5,303.04,6.8,0.481
0.3,1.8,0.1,342.155,4.535,0.321
0.3,1.8,0.2,334,5.291,0.374
0.3,1.8,0.3,326.95,5.506,0.389
0.3,1.8,0.4,320.35,6.074,0.429
0.3,1.8,0.5,313.785,6.395,0.452
0.32,1.8,0.1,347.235,4.32,0.305
0.32,1.8,0.2,340.37,4.782,0.338
0.32,1.8,0.3,334.565,5.317,0.376
0.32,1.8,0.4,328.83,5.389,0.381
0.32,1.8,0.5,322.825,5.844,0.413
0.34,1.8,0.1,351.41,3.656,0.259
0.34,1.8,0.2,345.76,4.36,0.308
0.34,1.8,0.3,340.845,4.703,0.333
0.34,1.8,0.4,336.12,5.186,0.367
0.34,1.8,0.5,331.08,5.179,0.366
0.36,1.8,0.1,354.535,3.036,0.215
0.36,1.8,0.2,349.96,3.782,0.267
0.36,1.8,0.3,346,4.307,0.305
0.36,1.8,0.4,341.935,4.563,0.323
0.36,1.8,0.5,337.83,4.985,0.352
0.38,1.8,0.1,356.835,2.794,0.198
0.38,1.8,0.2,353.375,3.303,0.234
0.38,1.8,0.3,350.175,3.762,0.266
0.38,1.8,0.4,346.985,4.157,0.294
0.38,1.8,0.5,343.48,4.364,0.309
0.4,1.8,0.1,358.795,2.405,0.17
0.4,1.8,0.2,356.095,2.838,0.201
0.4,1.8,0.3,353.515,3.242,0.229
0.4,1.8,0.4,350.94,3.649,0.258
0.4,1.8,0.5,348.14,4.066,0.288
0.42,1.8,0.1,360.29,2.135,0.151
0.42,1.8,0.2,358.165,2.528,0.179
0.42,1.8,0.3,356.27,2.807,0.198
0.42,1.8,0.4,354.21,3.11,0.22
0.42,1.8,0.5,351.945,3.403,0.241
0.44,1.8,0.1,361.49,1.818,0.129
0.44,1.8,0.2,359.855,2.139,0.151
0.44,1.8,0.3,358.345,2.487,0.176
0.44,1.8,0.4,356.815,2.731,0.193
0.44,1.8,0.5,355.035,2.925,0.207
0.46,1.8,0.1,362.405,1.55,0.11
0.46,1.8,0.2,361.175,1.901,0.134
0.46,1.8,0.3,360.01,2.134,0.151
0.46,1.8,0.4,358.815,2.45,0.173
0.46,1.8,0.5,357.37,2.681,0.19
0.48,1.8,0.1,363.165,1.329,0.094
0.48,1.8,0.2,362.175,1.621,0.115
0.48,1.8,0.3,361.255,1.91,0.135
0.48,1.8,0.4,360.34,2.132,0.151
0.48,1.8,0.5,359.25,2.286,0.162
0.5,1.8,0.1,363.73,1.06,0.075
0.5,1.8,0.2,363.005,1.395,0.099
0.5,1.8,0.3,362.235,1.607,0.114
0.5,1.8,0.4,361.47,1.859,0.131
0.5,1.8,0.5,360.7,2.02,0.143
0,1.9,0.1,141.385,8.911,0.63
0,1.9,0.2,122.29,8.862,0.627
0,1.9,0.3,108.395,8.545,0.604
0,1.9,0.4,97.705,8.097,0.573
0,1.9,0.5,87.89,7.269,0.514
0.02,1.9,0.1,162.24,9.137,0.646
0.02,1.9,0.2,142.11,8.723,0.617
0.02,1.9,0.3,128.09,8.955,0.633
0.02,1.9,0.4,115.575,8.731,0.617
0.02,1.9,0.5,104.625,8.401,0.594
0.04,1.9,0.1,183.285,8.94,0.632
0.04,1.9,0.2,163.075,9.045,0.64
0.04,1.9,0.3,147.875,8.76,0.619
0.04,1.9,0.4,135.33,9.074,0.642
0.04,1.9,0.5,123.04,8.823,0.624
0.06,1.9,0.1,204.615,8.883,0.628
0.06,1.9,0.2,184.205,9.301,0.658
0.06,1.9,0.3,168.745,9.16,0.648
0.06,1.9,0.4,155.27,9.168,0.648
0.06,1.9,0.5,143.055,9.303,0.658
0.08,1.9,0.1,224.73,8.416,0.595
0.08,1.9,0.2,204.815,8.772,0.62
0.08,1.9,0.3,189.5,9.336,0.66
0.08,1.9,0.4,176.065,9.518,0.673
0.08,1.9,0.5,163.375,9.192,0.65
0.1,1.9,0.1,243.235,8.268,0.585
0.1,1.9,0.2,224.065,8.871,0.627
0.1,1.9,0.3,209.43,8.742,0.618
0.1,1.9,0.4,196.275,9.267,0.655
0.1,1.9,0.5,183.28,9.461,0.669
0.12,1.9,0.1,261.015,7.972,0.564
0.12,1.9,0.2,243.015,8.51,0.602
0.12,1.9,0.3,228.6,8.812,0.623
0.12,1.9,0.4,215.93,8.391,0.593
0.12,1.9,0.5,203.385,8.812,0.623
0.14,1.9,0.1,277.045,7.737,0.547
0.14,1.9,0.2,260.66,8.011,0.566
0.14,1.9,0.3,247.34,8.625,0.61
0.14,1.9,0.4,234.72,8.755,0.619
0.14,1.9,0.5,222.815,8.669,0.613
0.16,1.9,0.1,291.14,7.189,0.508
0.16,1.9,0.2,276.175,7.619,0.539
0.16,1.9,0.3,264.2,7.955,0.562
0.16,1.9,0.4,252.9,8.334,0.589
0.16,1.9,0.5,241.05,8.372,0.592
0.18,1.9,0.1,304.55,6.807,0.481
0.18,1.9,0.2,291.25,7.111,0.503
0.18,1.9,0.3,280.015,7.493,0.53
0.18,1.9,0.4,269.8,7.843,0.555
0.18,1.9,0.5,259.05,8.219,0.581
0.2,1.9,0.1,315.2,6.022,0.426
0.2,1.9,0.2,303.9,6.397,0.452
0.2,1.9,0.3,293.99,6.846,0.484
0.2,1.9,0.4,284.465,7.253,0.513
0.2,1.9,0.5,275.06,7.614,0.538
0.22,1.9,0.1,324.395,5.643,0.399
0.22,1.9,0.2,314.21,6.011,0.425
0.22,1.9,0.3,305.825,6.351,0.449
0.22,1.9,0.4,297.625,6.7,0.474
0.22,1.9,0.5,289.06,7.101,0.502
0.24,1.9,0.1,332.325,5.311,0.376
0.24,1.9,0.2,323.495,5.698,0.403
0.24,1.9,0.3,316.04,6.038,0.427
0.24,1.9,0.4,309.105,6.427,0.454
0.24,1.9,0.5,301.505,6.744,0.477
0.26,1.9,0.1,339.275,4.733,0.335
0.26,1.9,0.2,331.695,5.41,0.383
0.26,1.9,0.3,325.13,5.66,0.4
0.26,1.9,0.4,318.855,6.092,0.431
0.26,1.9,0.5,312.44,6.449,0.456
0.28,1.9,0.1,344.6,4.5,0.318
0.28,1.9,0.2,338.375,4.788,0.339
0.28,1.9,0.3,332.885,5.31,0.375
0.28,1.9,0.4,327.445,5.414,0.383
0.28,1.9,0.5,321.655,5.883,0.416
0.3,1.9,0.1,349.35,3.92,0.277
0.3,1.9,0.2,344.215,4.491,0.318
0.3,1.9,0.3,339.58,4.791,0.339
0.3,1.9,0.4,335.035,5.262,0.372
0.3,1.9,0.5,330.175,5.217,0.369
0.32,1.9,0.1,353.295,3.343,0.236
0.32,1.9,0.2,348.925,4.015,0.284
0.32,1.9,0.3,345.115,4.469,0.316
0.32,1.9,0.4,341.22,4.654,0.329
0.32,1.9,0.5,337.155,5.053,0.357
0.34,1.9,0.1,356.115,2.94,0.208
0.34,1.9,0.2,352.805,3.415,0.242
0.34,1.9,0.3,349.66,3.873,0.274
0.34,1.9,0.4,346.54,4.24,0.3
0.34,1.9,0.5,343.005,4.413,0.312
0.36,1.9,0.1,358.155,2.546,0.18
0.36,1.9,0.2,355.61,2.938,0.208
0.36,1.9,0.3,353.12,3.324,0.235
0.36,1.9,0.4,350.55,3.755,0.265
0.36,1.9,0.5,347.785,4.077,0.288
0.38,1.9,0.1,359.635,2.249,0.159
0.38,1.9,0.2,357.695,2.651,0.187
0.38,1.9,0.3,355.885,2.913,0.206
0.38,1.9,0.4,353.88,3.19,0.226
0.38,1.9,0.5,351.63,3.498,0.247
0.4,1.9,0.1,360.885,1.993,0.141
0.4,1.9,0.2,359.39,2.264,0.16
0.4,1.9,0.3,357.92,2.57,0.182
0.4,1.9,0.4,356.475,2.785,0.197
0.4,1.9,0.5,354.7,3.008,0.213
0.42,1.9,0.1,361.865,1.784,0.126
0.42,1.9,0.2,360.775,2.029,0.143
0.42,1.9,0.3,359.64,2.228,0.158
0.42,1.9,0.4,358.48,2.5,0.177
0.42,1.9,0.5,357.075,2.725,0.193
0.44,1.9,0.1,362.755,1.451,0.103
0.44,1.9,0.2,361.87,1.708,0.121
0.44,1.9,0.3,361.005,1.94,0.137
0.44,1.9,0.4,360.1,2.136,0.151
0.44,1.9,0.5,359.035,2.328,0.165
0.46,1.9,0.1,363.465,1.125,0.08
0.46,1.9,0.2,362.765,1.49,0.105
0.46,1.9,0.3,362.06,1.643,0.116
0.46,1.9,0.4,361.325,1.878,0.133
0.46,1.9,0.5,360.58,2.028,0.143
0.48,1.9,0.1,363.86,0.946,0.067
0.48,1.9,0.2,363.385,1.206,0.085
0.48,1.9,0.3,362.89,1.424,0.101
0.48,1.9,0.4,362.3,1.588,0.112
0.48,1.9,0.5,361.67,1.757,0.124
0.5,1.9,0.1,364.29,0.787,0.056
0.5,1.9,0.2,363.85,1.011,0.072
0.5,1.9,0.3,363.495,1.211,0.086
0.5,1.9,0.4,363.12,1.388,0.098
0.5,1.9,0.5,362.57,1.532,0.108
0,2,0.1,162.14,8.917,0.631
0,2,0.2,146.95,9.051,0.64
0,2,0.3,134.87,8.693,0.615
0,2,0.4,124.51,8.896,0.629
0,2,0.5,113.915,8.686,0.614
0.02,2,0.1,183.58,8.876,0.628
0.02,2,0.2,168.175,9.11,0.644
0.02,2,0.3,155.72,9.049,0.64
0.02,2,0.4,144.565,8.761,0.62
0.02,2,0.5,134.04,8.809,0.623
0.04,2,0.1,204.74,8.94,0.632
0.04,2,0.2,189.285,8.985,0.635
0.04,2,0.3,176.93,9.143,0.647
0.04,2,0.4,165.545,9.275,0.656
0.04,2,0.5,154.53,8.873,0.627
0.06,2,0.1,225.55,8.638,0.611
0.06,2,0.2,210.55,9.055,0.64
0.06,2,0.3,198.07,8.921,0.631
0.06,2,0.4,186.715,9.239,0.653
0.06,2,0.5,175.265,9.414,0.666
0.08,2,0.1,244.615,8.197,0.58
0.08,2,0.2,230.5,8.47,0.599
0.08,2,0.3,218.445,8.833,0.625
0.08,2,0.4,207.275,8.55,0.605
0.08,2,0.5,195.99,8.96,0.634
0.1,2,0.1,261.865,8.047,0.569
0.1,2,0.2,248.61,8.137,0.575
0.1,2,0.3,237.235,8.514,0.602
0.1,2,0.4,226.35,8.785,0.621
0.1,2,0.5,215.745,8.772,0.62
0.12,2,0.1,277.5,7.396,0.523
0.12,2,0.2,265.63,7.753,0.548
0.12,2,0.3,255.32,7.922,0.56
0.12,2,0.4,245.35,8.2,0.58
0.12,2,0.5,234.655,8.421,0.595
0.14,2,0.1,291.83,7.632,0.54
0.14,2,0.2,281.325,7.628,0.539
0.14,2,0.3,271.72,7.828,0.554
0.14,2,0.4,262.75,8.053,0.569
0.14,2,0.5,253.08,8.342,0.59
0.16,2,0.1,304.01,6.781,0.479
0.16,2,0.2,295,6.995,0.495
0.16,2,0.3,286.555,7.312,0.517
0.16,2,0.4,278.07,7.595,0.537
0.16,2,0.5,269.535,7.891,0.558
0.18,2,0.1,316.2,6.112,0.432
0.18,2,0.2,307.9,6.458,0.457
0.18,2,0.3,300.475,6.782,0.48
0.18,2,0.4,293.035,6.979,0.493
0.18,2,0.5,285.06,7.364,0.521
0.2,2,0.1,325.66,5.713,0.404
0.2,2,0.2,318.255,5.846,0.413
0.2,2,0.3,311.775,6.065,0.429
0.2,2,0.4,305.44,6.449,0.456
0.2,2,0.5,298.315,6.677,0.472
0.22,2,0.1,333.17,5.416,0.383
0.22,2,0.2,327.045,5.771,0.408
0.22,2,0.3,321.185,5.751,0.407
0.22,2,0.4,315.485,6.061,0.429
0.22,2,0.5,309.54,6.414,0.454
0.24,2,0.1,339.7,4.935,0.349
0.24,2,0.2,334.515,5.133,0.363
0.24,2,0.3,329.71,5.535,0.391
0.24,2,0.4,324.7,5.605,0.396
0.24,2,0.5,319.25,5.919,0.419
0.26,2,0.1,345.365,4.421,0.313
0.26,2,0.2,341.065,4.689,0.332
0.26,2,0.3,336.915,4.938,0.349
0.26,2,0.4,332.69,5.44,0.385
0.26,2,0.5,328.15,5.434,0.384
0.28,2,0.1,349.585,3.86,0.273
0.28,2,0.2,346.115,4.206,0.297
0.28,2,0.3,342.74,4.548,0.322
0.28,2,0.4,339.15,4.707,0.333
0.28,2,0.5,335.335,5.057,0.358
0.3,2,0.1,353.33,3.319,0.235
0.3,2,0.2,350.615,3.721,0.263
0.3,2,0.3,347.795,4.096,0.29
0.3,2,0.4,344.94,4.388,0.31
0.3,2,0.5,341.62,4.53,0.32
0.32,2,0.1,356.515,2.923,0.207
0.32,2,0.2,354.265,3.224,0.228
0.32,2,0.3,351.96,3.603,0.255
0.32,2,0.4,349.485,4.008,0.283
0.32,2,0.5,346.82,4.28,0.303
0.34,2,0.1,358.66,2.43,0.172
0.34,2,0.2,356.95,2.785,0.197
0.34,2,0.3,355.21,3.025,0.214
0.34,2,0.4,353.255,3.332,0.236
0.34,2,0.5,351.065,3.633,0.257
0.36,2,0.1,359.975,2.177,0.154
0.36,2,0.2,358.695,2.406,0.17
0.36,2,0.3,357.365,2.692,0.19
0.36,2,0.4,355.985,2.884,0.204
0.36,2,0.5,354.245,3.06,0.216
0.38,2,0.1,360.99,1.995,0.141
0.38,2,0.2,360.045,2.195,0.155
0.38,2,0.3,359.075,2.349,0.166
0.38,2,0.4,358.01,2.635,0.186
0.38,2,0.5,356.685,2.844,0.201
0.4,2,0.1,361.9,1.805,0.128
0.4,2,0.2,361.22,1.929,0.136
0.4,2,0.3,360.44,2.088,0.148
0.4,2,0.4,359.615,2.252,0.159
0.4,2,0.5,358.62,2.44,0.173
0.42,2,0.1,362.695,1.508,0.107
0.42,2,0.2,362.16,1.752,0.124
0.42,2,0.3,361.585,1.863,0.132
0.42,2,0.4,360.925,2.02,0.143
0.42,2,0.5,360.205,2.139,0.151
0.44,2,0.1,363.3,1.152,0.081
0.44,2,0.2,362.93,1.343,0.095
0.44,2,0.3,362.495,1.579,0.112
0.44,2,0.4,361.965,1.699,0.12
0.44,2,0.5,361.395,1.837,0.13
0.46,2,0.1,363.92,0.921,0.065
0.46,2,0.2,363.565,1.092,0.077
0.46,2,0.3,363.24,1.265,0.089
0.46,2,0.4,362.875,1.449,0.102
0.46,2,0.5,362.345,1.593,0.113
0.48,2,0.1,364.3,0.783,0.055
0.48,2,0.2,363.975,0.899,0.064
0.48,2,0.3,363.71,1.03,0.073
0.48,2,0.4,363.445,1.142,0.081
0.48,2,0.5,363.13,1.316,0.093
0.5,2,0.1,364.59,0.62,0.044
0.5,2,0.2,364.415,0.732,0.052
0.5,2,0.3,364.15,0.843,0.06
0.5,2,0.4,363.925,0.961,0.068
0.5,2,0.5,363.695,1.085,0.077
